Rank_x,Player,Team_x,PA,IP,Bat WAR,Pit WAR,Total War,Rank_y,Team_y,Position,Salary,Years,Total Value,Average Annual
1,Aaron Judge,NYY,679.0,,10.1,,10.1,4.0,Yankees,OF,"$40,000,000 ",9.0,"$360,000,000 ",40000000.0
2,Shohei Ohtani,LAD,727.0,47.0,7.5,1.9,9.4,1.0,Dodgers,DH/RHP,"$28,213,523 ",10.0,"$700,000,000 ",70000000.0
3,Cal Raleigh,SEA,705.0,,9.1,,9.1,85.0,Mariners,C,"$2,666,667 ",6.0,"$105,000,000 ",17500000.0
4,Bobby Witt Jr.,KCR,687.0,,8.0,,8.0,27.0,Royals,SS,"$8,111,111 ",11.0,"$288,777,777 ",26252525.0
5,Geraldo Perdomo,ARI,720.0,,7.1,,7.1,266.0,Diamondbacks,SS,"$2,550,000 ",,$0 ,2550000.0
6,Trea Turner,PHI,639.0,,6.7,,6.7,20.0,Phillies,SS,"$27,272,727 ",11.0,"$300,000,000 ",27272727.0
7,Tarik Skubal,DET,,195.1,0.0,6.6,6.6,604.0,Tigers,LHP,"$10,150,000 ",,$0 ,10150000.0
8,Corbin Carroll,ARI,642.0,,6.5,,6.5,113.0,Diamondbacks,OF,"$5,625,000 ",8.0,"$111,000,000 ",13875000.0
9,Paul Skenes,PIT,,187.2,0.0,6.5,6.5,678.0,Pirates,RHP,"$875,000 ",,$0 ,875000.0
12,Francisco Lindor,NYM,732.0,,6.3,,6.3,12.0,Mets,SS,"$32,477,639 ",10.0,"$341,000,000 ",34100000.0
13,Fernando Tatis Jr.,SDP,691.0,,6.1,,6.1,42.0,Padres,OF,"$20,714,286 ",14.0,"$340,000,000 ",24285714.29
14,Juan Soto,NYM,715.0,,5.8,,5.8,2.0,Mets,OF,"$61,875,000 ",15.0,"$765,000,000 ",51000000.0
15,Garrett Crochet,BOS,,205.1,0.0,5.8,5.8,281.0,Red Sox,LHP,"$3,800,000 ",,$0 ,3800000.0
18,Maikel Garcia,KCR,666.0,,5.6,,5.6,,Royals,3,"$774,750 ",,$0 ,774750.0
19,Logan Webb,SFG,,207.0,0.0,5.5,5.5,82.0,Giants,RHP,"$12,000,000 ",5.0,"$90,000,000 ",18000000.0
20,Pete Crow-Armstrong,CHC,647.0,,5.4,,5.4,,Cubs,OF,"$771,000 ",,$0 ,771000.0
22,George Springer,TOR,586.0,,5.2,,5.2,38.0,Blue Jays,OF,"$24,166,667 ",6.0,"$150,000,000 ",25000000.0
23,Byron Buxton,MIN,542.0,,5.0,,5.0,107.0,Twins,OF,"$15,142,857 ",7.0,"$100,000,000 ",14285714.29
24,Yoshinobu Yamamoto,LAD,,173.2,0.0,5.0,5.0,22.0,Dodgers,RHP,"$14,166,667 ",12.0,"$325,000,000 ",27083333.0
25,Kyle Schwarber,PHI,724.0,,4.9,,4.9,65.0,Phillies,DH,"$20,000,000 ",4.0,"$79,000,000 ",19750000.0
26,Cody Bellinger,NYY,656.0,,4.9,,4.9,26.0,Yankees,OF,"$27,500,000 ",3.0,"$80,000,000 ",26666667.0
27,Nico Hoerner,CHC,649.0,,4.8,,4.8,131.0,Cubs,2,"$11,500,000 ",3.0,"$35,000,000 ",11666667.0
28,Gunnar Henderson,BAL,651.0,,4.8,,4.8,750.0,Orioles,SS,"$782,300 ",,$0 ,782300.0
29,Max Fried,NYY,,195.1,0.0,4.8,4.8,21.0,Yankees,LHP,"$14,500,000 ",8.0,"$218,000,000 ",27250000.0
30,Matt Olson,ATL,724.0,,4.7,,4.7,55.0,Braves,1,"$22,000,000 ",8.0,"$168,000,000 ",21000000.0
31,Alejandro Kirk,TOR,506.0,,4.7,,4.7,536.0,Blue Jays,C,"$4,600,000 ",,$0 ,4600000.0
32,Ketel Marte,ARI,556.0,,4.6,,4.6,96.0,Diamondbacks,2,"$19,600,000 ",5.0,"$76,000,000 ",15200000.0
34,Hunter Brown,HOU,,185.1,0.0,4.6,4.6,699.0,Astros,RHP,"$807,400 ",,$0 ,807400.0
35,Junior Caminero,TBR,653.0,,4.6,,4.6,420.0,Rays,3,"$764,100 ",,$0 ,764100.0
36,Kyle Tucker,CHC,597.0,,4.5,,4.5,629.0,Cubs,OF,"$16,500,000 ",,$0 ,16500000.0
37,Brice Turang,MIL,659.0,,4.4,,4.4,,Brewers,2,"$777,100 ",,$0 ,777100.0
38,Jazz Chisholm Jr.,NYY,531.0,,4.4,,4.4,569.0,Yankees,2,"$5,850,000 ",,$0 ,5850000.0
39,Elly De La Cruz,CIN,699.0,,4.3,,4.3,,Reds,SS,"$770,000 ",,$0 ,770000.0
40,Will Smith,LAD,436.0,,4.1,,4.1,109.0,Dodgers,C,"$12,432,934 ",10.0,"$140,000,000 ",14000000.0
41,Kevin Gausman,TOR,,193.0,0.0,4.1,4.1,49.0,Blue Jays,RHP,"$23,000,000 ",5.0,"$110,000,000 ",22000000.0
42,Wyatt Langford,TEX,573.0,,4.1,,4.1,,Rangers,OF,"$773,500 ",,$0 ,773500.0
43,Andy Pages,LAD,624.0,,4.1,,4.1,,Dodgers,OF,"$770,000 ",,$0 ,770000.0
44,Dillon Dingler,DET,469.0,,4.1,,4.1,446.0,Tigers,C,"$762,600 ",,$0 ,762600.0
45,Willy Adames,SFG,686.0,,4.1,,4.1,29.0,Giants,SS,"$13,142,857 ",7.0,"$182,000,000 ",26000000.0
46,Zack Wheeler,PHI,,149.2,0.0,4.0,4.0,3.0,Phillies,RHP,"$42,000,000 ",3.0,"$126,000,000 ",42000000.0
47,Ranger Suarez,PHI,,157.1,0.0,4.0,4.0,613.0,Phillies,LHP,"$8,800,000 ",,$0 ,8800000.0
48,Framber Valdez,HOU,,192.0,0.0,4.0,4.0,635.0,Astros,LHP,"$18,000,000 ",,$0 ,18000000.0
49,Corey Seager,TEX,445.0,,4.0,,4.0,14.0,Rangers,SS,"$32,500,000 ",10.0,"$325,000,000 ",32500000.0
50,Kyle Stowers,MIA,457.0,,4.0,,4.0,,Marlins,OF,"$768,200 ",,$0 ,768200.0
51,Shea Langeliers,ATH,523.0,,3.9,,3.9,,Athletics,C,"$770,000 ",,$0 ,770000.0
52,Andrew Abbott,CIN,,166.1,0.0,3.9,3.9,,Reds,LHP,"$770,000 ",,$0 ,770000.0
53,Jarren Duran,BOS,696.0,,3.9,,3.9,282.0,Red Sox,OF,"$3,750,000 ",,$0 ,3750000.0
54,Vladimir Guerrero Jr.,TOR,680.0,,3.9,,3.9,639.0,Blue Jays,1,"$28,500,000 ",,$0 ,28500000.0
55,Bo Bichette,TOR,628.0,,3.8,,3.8,135.0,Blue Jays,SS,"$17,583,333 ",3.0,"$33,600,000 ",11200000.0
56,Freddie Freeman,LAD,627.0,,3.8,,3.8,25.0,Dodgers,1,"$23,353,561 ",6.0,"$162,000,000 ",27000000.0
58,Ceddanne Rafaela,BOS,587.0,,3.8,,3.8,181.0,Red Sox,OF,"$1,250,000 ",8.0,"$50,000,000 ",6250000.0
59,Manny Machado,SDP,678.0,,3.8,,3.8,16.0,Padres,3,"$17,090,909 ",11.0,"$350,000,000 ",31818182.0
60,Nathan Eovaldi,TEX,,130.0,0.0,3.7,3.7,39.0,Rangers,RHP,"$21,534,832 ",3.0,"$75,000,000 ",25000000.0
61,Matt Chapman,SFG,535.0,,3.7,,3.7,33.0,Giants,3,"$25,166,667 ",6.0,"$151,000,000 ",25166667.0
62,Nick Pivetta,SDP,,181.2,0.0,3.7,3.7,114.0,Padres,RHP,"$2,500,000 ",4.0,"$55,000,000 ",13750000.0
63,William Contreras,MIL,659.0,,3.6,,3.6,574.0,Brewers,C,"$6,000,000 ",,$0 ,6000000.0
64,Michael Wacha,KCR,,172.2,0.0,3.6,3.6,89.0,Royals,RHP,"$18,000,000 ",3.0,"$51,000,000 ",17000000.0
65,Freddy Peralta,MIL,,176.2,0.0,3.6,3.6,595.0,Brewers,RHP,"$8,000,000 ",,$0 ,8000000.0
66,Bryan Woo,SEA,,186.2,0.0,3.6,3.6,742.0,Mariners,RHP,"$783,300 ",,$0 ,783300.0
67,Chris Sale,ATL,,125.2,0.0,3.6,3.6,77.0,Braves,LHP,"$22,000,000 ",2.0,"$38,000,000 ",18000000.0
68,Pete Alonso,NYM,709.0,,3.6,,3.6,24.0,Mets,1,"$30,000,000 ",2.0,"$54,000,000 ",27000000.0
69,Sal Frelick,MIL,594.0,,3.6,,3.6,,Brewers,OF,"$771,800 ",,$0 ,771800.0
70,Sonny Gray,STL,,180.2,0.0,3.6,3.6,34.0,Cardinals,RHP,"$25,000,000 ",3.0,"$75,000,000 ",25000000.0
71,Alex Bregman,BOS,495.0,,3.5,,3.5,5.0,Red Sox,3,"$25,930,874 ",3.0,"$120,000,000 ",40000000.0
73,Masyn Winn,STL,537.0,,3.5,,3.5,,Cardinals,SS,"$770,850 ",,$0 ,770850.0
74,Michael Busch,CHC,592.0,,3.5,,3.5,758.0,Cubs,1,"$780,500 ",,$0 ,780500.0
75,Bryce Harper,PHI,580.0,,3.5,,3.5,31.0,Phillies,1,"$27,538,462 ",13.0,"$330,000,000 ",25384615.38
77,Mookie Betts,LAD,663.0,,3.4,,3.4,18.0,Dodgers,SS,"$26,158,692 ",12.0,"$365,000,000 ",30416666.67
78,Dylan Cease,SDP,,168.0,0.0,3.4,3.4,621.0,Padres,RHP,"$13,750,000 ",,$0 ,13750000.0
79,Hunter Goodman,COL,579.0,,3.4,,3.4,396.0,Rockies,OF,"$765,000 ",,$0 ,765000.0
80,Jacob Wilson,ATH,523.0,,3.4,,3.4,530.0,Athletics,SS,"$760,000 ",,$0 ,760000.0
81,Jacob deGrom,TEX,,172.2,0.0,3.4,3.4,6.0,Rangers,RHP,"$40,000,000 ",5.0,"$185,000,000 ",37000000.0
82,Tyler Soderstrom,ATH,624.0,,3.4,,3.4,,Athletics,1,"$765,000 ",,$0 ,765000.0
83,Dansby Swanson,CHC,645.0,,3.3,,3.3,32.0,Cubs,SS,"$28,000,000 ",7.0,"$177,000,000 ",25285714.0
84,Kris Bubic,KCR,,116.1,0.0,3.3,3.3,310.0,Royals,LHP,"$3,000,000 ",,$0 ,3000000.0
85,Rafael Devers,- - -,729.0,,3.3,,3.3,17.0,Red Sox,DH,"$25,813,052 ",10.0,"$313,500,000 ",31350000.0
86,Trevor Rogers,BAL,2.0,109.2,0.0,3.3,3.3,265.0,Orioles,LHP,"$2,600,000 ",,$0 ,2600000.0
87,James Wood,WSN,689.0,,3.2,,3.2,412.0,Nationals,OF,"$764,600 ",,$0 ,764600.0
88,Xander Bogaerts,SDP,552.0,,3.2,,3.2,30.0,Padres,SS,"$25,454,545 ",11.0,"$280,000,000 ",25454545.0
90,Patrick Bailey,SFG,452.0,,3.2,,3.2,766.0,Giants,C,"$780,000 ",,$0 ,780000.0
91,Ernie Clement,TOR,588.0,,3.2,,3.2,208.0,Blue Jays,3,"$1,975,000 ",,$0 ,1975000.0
92,Harrison Bader,- - -,501.0,,3.2,,3.2,534.0,Twins,OF,"$4,750,000 ",,$0 ,4750000.0
93,Steven Kwan,CLE,693.0,,3.2,,3.2,294.0,Guardians,OF,"$4,175,000 ",,$0 ,4175000.0
94,Zach McKinstry,DET,511.0,0.1,3.2,0.0,3.2,350.0,Tigers,3,"$1,650,000 ",,$0 ,1650000.0
95,Trent Grisham,NYY,581.0,,3.2,,3.2,552.0,Yankees,OF,"$5,000,000 ",,$0 ,5000000.0
96,CJ Abrams,WSN,635.0,,3.1,,3.1,757.0,Nationals,SS,"$780,600 ",,$0 ,780600.0
97,Josh Naylor,- - -,604.0,,3.1,,3.1,605.0,Diamondbacks,1,"$10,900,000 ",,$0 ,10900000.0
98,Zach Neto,LAA,554.0,,3.1,,3.1,,Angels,SS,"$780,000 ",,$0 ,780000.0
99,David Peterson,NYM,,168.2,0.0,3.1,3.1,535.0,Mets,LHP,"$4,625,000 ",,$0 ,4625000.0
100,Drake Baldwin,ATL,446.0,,3.1,,3.1,502.0,Braves,C,"$760,000 ",,$0 ,760000.0
101,Joe Ryan,MIN,,171.0,0.0,3.1,3.1,243.0,Twins,RHP,"$3,000,000 ",,$0 ,3000000.0
102,Merrill Kelly,- - -,,184.0,0.0,3.1,3.1,596.0,Diamondbacks,RHP,"$8,000,000 ",,$0 ,8000000.0
103,Bryson Stott,PHI,560.0,,3.1,,3.1,302.0,Phillies,2,"$3,200,000 ",,$0 ,3200000.0
104,Austin Wells,NYY,448.0,,3.0,,3.0,705.0,Yankees,C,"$801,400 ",,$0 ,801400.0
105,Ben Rice,NYY,530.0,,3.0,,3.0,746.0,Yankees,DH,"$782,800 ",,$0 ,782800.0
106,Trevor Story,BOS,654.0,,3.0,,3.0,44.0,Red Sox,SS,"$22,500,000 ",6.0,"$140,000,000 ",23333333.33
107,Jackson Merrill,SDP,483.0,,3.0,,3.0,698.0,Padres,OF,"$809,500 ",,$0 ,809500.0
108,Ryan O'Hearn,- - -,544.0,,3.0,,3.0,600.0,Orioles,1,"$8,000,000 ",,$0 ,8000000.0
110,Brandon Nimmo,NYM,652.0,,3.0,,3.0,59.0,Mets,OF,"$20,500,000 ",8.0,"$162,000,000 ",20250000.0
113,Max Muncy,LAD,388.0,,2.9,,2.9,127.0,Dodgers,3,"$14,250,000 ",2.0,"$24,000,000 ",12000000.0
113,Max Muncy,LAD,388.0,,2.9,,2.9,497.0,Athletics,2,"$760,000 ",,$0 ,760000.0
114,Jackson Chourio,MIL,589.0,,2.9,,2.9,148.0,Brewers,OF,"$4,250,000 ",8.0,"$82,000,000 ",10250000.0
115,Taylor Ward,LAA,663.0,,2.9,,2.9,588.0,Angels,OF,"$7,825,000 ",,$0 ,7825000.0
116,Riley Greene,DET,655.0,,2.9,,2.9,697.0,Tigers,OF,"$812,400 ",,$0 ,812400.0
117,Jake Cronenworth,SDP,515.0,,2.9,,2.9,134.0,Padres,2,"$11,285,714 ",7.0,"$80,000,000 ",11428571.0
118,Hunter Greene,CIN,,107.2,0.0,2.9,2.9,161.0,Reds,RHP,"$6,333,333 ",6.0,"$53,000,000 ",8833333.0
119,Randy Arozarena,SEA,709.0,,2.9,,2.9,602.0,Mariners,OF,"$11,300,000 ",,$0 ,11300000.0
120,MacKenzie Gore,WSN,,159.2,0.0,2.9,2.9,249.0,Nationals,LHP,"$2,890,000 ",,$0 ,2890000.0
121,Brady Singer,CIN,,169.2,0.0,2.9,2.9,614.0,Reds,RHP,"$8,750,000 ",,$0 ,8750000.0
122,TJ Friedl,CIN,685.0,,2.9,,2.9,776.0,Reds,OF,"$780,000 ",,$0 ,780000.0
123,Brendan Donovan,STL,515.0,,2.9,,2.9,250.0,Cardinals,2,"$2,850,000 ",,$0 ,2850000.0
124,J.P. Crawford,SEA,654.0,,2.8,,2.8,149.0,Mariners,SS,"$11,000,000 ",5.0,"$51,000,000 ",10200000.0
125,Nick Lodolo,CIN,,156.2,0.0,2.8,2.8,209.0,Reds,LHP,"$1,975,000 ",,$0 ,1975000.0
126,Ian Happ,CHC,663.0,,2.8,,2.8,58.0,Cubs,OF,"$21,000,000 ",3.0,"$61,000,000 ",20333333.0
127,Willson Contreras,STL,563.0,,2.8,,2.8,83.0,Cardinals,C,"$18,000,000 ",5.0,"$87,500,000 ",17500000.0
129,Cade Smith,CLE,,73.2,0.0,2.7,2.7,734.0,Guardians,RHP,"$785,100 ",,$0 ,785100.0
130,Gabriel Moreno,ARI,309.0,,2.7,,2.7,715.0,Diamondbacks,C,"$793,000 ",,$0 ,793000.0
134,Carson Kelly,CHC,421.0,,2.6,,2.6,184.0,Cubs,C,"$5,000,000 ",2.0,"$11,500,000 ",5750000.0
135,Aroldis Chapman,BOS,,61.1,0.0,2.6,2.6,606.0,Red Sox,LHP,"$10,750,000 ",,$0 ,10750000.0
137,Jorge Polanco,SEA,524.0,,2.6,,2.6,573.0,Mariners,2,"$7,000,000 ",,$0 ,7000000.0
138,Luis Castillo,SEA,,180.2,0.0,2.6,2.6,51.0,Mariners,RHP,"$24,150,000 ",5.0,"$108,000,000 ",21600000.0
139,Carlos Correa,- - -,584.0,,2.6,,2.6,13.0,Twins,SS,"$37,333,333 ",6.0,"$200,000,000 ",33333333.0
140,Isaac Collins,MIL,441.0,,2.6,,2.6,483.0,Brewers,OF,"$761,100 ",,$0 ,761100.0
141,Seiya Suzuki,CHC,651.0,,2.6,,2.6,87.0,Cubs,OF,"$19,000,000 ",5.0,"$85,000,000 ",17000000.0
142,Gleyber Torres,DET,628.0,,2.6,,2.6,632.0,Tigers,2,"$15,000,000 ",,$0 ,15000000.0
143,Dean Kremer,BAL,,171.2,0.0,2.6,2.6,248.0,Orioles,RHP,"$2,950,000 ",,$0 ,2950000.0
144,Chad Patrick,MIL,,119.2,0.0,2.6,2.6,525.0,Brewers,RHP,"$760,000 ",,$0 ,760000.0
145,Logan Gilbert,SEA,,131.0,0.0,2.6,2.6,586.0,Mariners,RHP,"$7,625,000 ",,$0 ,7625000.0
146,Drew Rasmussen,TBR,,150.0,0.0,2.5,2.5,195.0,Rays,RHP,"$2,250,000 ",2.0,"$8,500,000 ",4250000.0
147,Jack Flaherty,DET,,161.0,0.0,2.5,2.5,84.0,Tigers,RHP,"$25,000,000 ",2.0,"$35,000,000 ",17500000.0
148,Luis Severino,ATH,,162.2,0.0,2.5,2.5,48.0,Athletics,RHP,"$20,000,000 ",3.0,"$67,000,000 ",22333333.0
150,Jonathan Aranda,TBR,422.0,,2.5,,2.5,,Rays,DH,"$766,500 ",,$0 ,766500.0
151,Xavier Edwards,MIA,619.0,,2.5,,2.5,,Marlins,SS,"$772,000 ",,$0 ,772000.0
152,Clayton Kershaw,LAD,,112.2,0.0,2.5,2.5,583.0,Dodgers,LHP,"$7,500,000 ",,$0 ,7500000.0
153,Mitch Keller,PIT,,176.1,0.0,2.5,2.5,94.0,Pirates,RHP,"$15,411,500 ",5.0,"$77,000,000 ",15400000.0
154,Yusei Kikuchi,LAA,,178.1,0.0,2.5,2.5,54.0,Angels,LHP,"$21,000,000 ",3.0,"$63,000,000 ",21000000.0
155,Kyle Freeland,COL,,162.2,0.0,2.5,2.5,120.0,Rockies,LHP,"$16,000,000 ",5.0,"$64,500,000 ",12900000.0
156,Christian Yelich,MIL,644.0,,2.4,,2.4,43.0,Brewers,OF,"$24,092,771 ",9.0,"$215,000,000 ",23888888.89
157,Isaac Paredes,HOU,438.0,,2.4,,2.4,578.0,Astros,3,"$6,625,000 ",,$0 ,6625000.0
158,Chris Bassitt,TOR,,170.1,0.0,2.4,2.4,53.0,Blue Jays,RHP,"$22,000,000 ",3.0,"$63,000,000 ",21000000.0
159,Wilyer Abreu,BOS,417.0,,2.4,,2.4,774.0,Red Sox,OF,"$780,000 ",,$0 ,780000.0
160,Brandon Marsh,PHI,425.0,,2.4,,2.4,313.0,Phillies,OF,"$3,000,000 ",,$0 ,3000000.0
162,Brent Rooker,ATH,699.0,,2.4,,2.4,130.0,Athletics,OF,"$4,000,000 ",5.0,"$60,000,000 ",12000000.0
163,George Kirby,SEA,,126.0,0.0,2.4,2.4,550.0,Mariners,RHP,"$4,300,000 ",,$0 ,4300000.0
164,Spencer Schwellenbach,ATL,,110.2,0.0,2.4,2.4,,Braves,RHP,"$770,000 ",,$0 ,770000.0
165,Casey Mize,DET,,149.0,0.0,2.4,2.4,278.0,Tigers,RHP,"$2,340,000 ",,$0 ,2340000.0
166,Spencer Torkelson,DET,649.0,,2.3,,2.3,732.0,Tigers,1,"$785,700 ",,$0 ,785700.0
167,Mike Yastrzemski,- - -,558.0,1.0,2.4,0.0,2.3,593.0,Giants,OF,"$9,250,000 ",,$0 ,9250000.0
168,Otto Lopez,MIA,594.0,,2.3,,2.3,,Marlins,2,"$778,500 ",,$0 ,778500.0
169,Brett Baty,NYM,432.0,,2.3,,2.3,,Mets,3,"$774,000 ",,$0 ,774000.0
171,Jake Meyers,HOU,381.0,,2.3,,2.3,279.0,Astros,OF,"$2,300,000 ",,$0 ,2300000.0
172,Justin Verlander,SFG,,152.0,0.0,2.2,2.2,618.0,Giants,RHP,"$15,000,000 ",,$0 ,15000000.0
173,Jack Leiter,TEX,1.0,151.2,0.0,2.3,2.2,451.0,Rangers,RHP,"$762,500 ",,$0 ,762500.0
174,Garrett Whitlock,BOS,,72.0,0.0,2.2,2.2,192.0,Red Sox,RHP,"$5,500,000 ",4.0,"$18,750,000 ",4687500.0
175,Adrian Morejon,SDP,,73.2,0.0,2.2,2.2,349.0,Padres,LHP,"$2,000,000 ",,$0 ,2000000.0
176,Bryan Abreu,HOU,,71.0,0.0,2.2,2.2,324.0,Astros,RHP,"$3,450,000 ",,$0 ,3450000.0
178,Daulton Varsho,TOR,271.0,,2.2,,2.2,598.0,Blue Jays,OF,"$8,200,000 ",,$0 ,8200000.0
180,Shane Smith,CHW,,146.1,0.0,2.2,2.2,528.0,White Sox,RHP,"$760,000 ",,$0 ,760000.0
181,Robbie Ray,SFG,,182.1,0.0,2.2,2.2,47.0,Giants,LHP,"$25,000,000 ",5.0,"$115,000,000 ",23000000.0
184,Jose Altuve,HOU,654.0,,2.1,,2.1,37.0,Astros,OF,"$33,000,000 ",5.0,"$125,000,000 ",25000000.0
185,Marcus Semien,TEX,534.0,,2.1,,2.1,35.0,Rangers,2,"$26,000,000 ",7.0,"$175,000,000 ",25000000.0
186,Jhoan Duran,- - -,,70.0,0.0,2.1,2.1,296.0,Twins,RHP,"$4,125,000 ",,$0 ,4125000.0
187,Jeff McNeil,NYM,462.0,,2.1,,2.1,123.0,Mets,2,"$15,750,000 ",4.0,"$50,000,000 ",12500000.0
188,Ryne Nelson,ARI,1.0,154.0,0.1,2.0,2.1,692.0,Diamondbacks,RHP,"$825,000 ",,$0 ,825000.0
189,Alec Burleson,STL,546.0,1.0,2.1,0.0,2.1,,Cardinals,OF,"$778,650 ",,$0 ,778650.0
190,Nick Martinez,CIN,,165.2,0.0,2.1,2.1,637.0,Reds,RHP,"$21,050,000 ",,$0 ,21050000.0
191,Will Warren,NYY,,162.1,0.0,2.1,2.1,,Yankees,RHP,"$767,600 ",,$0 ,767600.0
192,Cole Ragans,KCR,,61.2,0.0,2.1,2.1,177.0,Royals,LHP,"$1,083,333 ",3.0,"$13,250,000 ",6625000.0
193,Emmet Sheehan,LAD,,73.1,0.0,2.1,2.1,779.0,Dodgers,RHP,"$780,000 ",,$0 ,780000.0
195,Ryan Jeffers,MIN,464.0,,2.1,,2.1,538.0,Twins,C,"$4,550,000 ",,$0 ,4550000.0
196,David Bednar,- - -,,62.2,0.0,2.0,2.0,567.0,Pirates,RHP,"$5,900,000 ",,$0 ,5900000.0
197,Mason Miller,- - -,,61.2,0.0,2.0,2.0,399.0,Athletics,RHP,"$765,000 ",,$0 ,765000.0
198,Ryan Pepiot,TBR,,167.2,0.0,2.0,2.0,,Rays,RHP,"$774,600 ",,$0 ,774600.0
199,Edward Cabrera,MIA,,137.2,0.0,2.0,2.0,214.0,Marlins,RHP,"$1,950,000 ",,$0 ,1950000.0
201,Sean Murphy,ATL,337.0,,2.0,,2.0,126.0,Braves,C,"$15,000,000 ",6.0,"$73,000,000 ",12166667.0
203,Lawrence Butler,ATH,630.0,,2.0,,2.0,155.0,Athletics,OF,"$765,000 ",7.0,"$65,500,000 ",9357142.0
204,Tyler Heineman,TOR,174.0,3.1,2.1,-0.1,2.0,762.0,Blue Jays,C,"$780,300 ",,$0 ,780300.0
205,Shane Baz,TBR,,166.1,0.0,2.0,2.0,372.0,Rays,RHP,"$1,450,000 ",,$0 ,1450000.0
206,Lucas Giolito,BOS,,145.0,0.0,2.0,2.0,67.0,Red Sox,RHP,"$19,000,000 ",2.0,"$38,500,000 ",19250000.0
207,Ryan McMahon,- - -,586.0,,1.9,,1.9,132.0,Rockies,3,"$12,000,000 ",6.0,"$70,000,000 ",11666667.0
208,Giancarlo Stanton,NYY,281.0,,1.9,,1.9,36.0,Yankees,DH,"$32,000,000 ",13.0,"$325,000,000 ",25000000.0
209,Tyler Mahle,TEX,,86.2,0.0,1.9,1.9,143.0,Rangers,RHP,"$16,500,000 ",2.0,"$22,000,000 ",11000000.0
210,Brayan Bello,BOS,,166.2,0.0,1.9,1.9,157.0,Red Sox,RHP,"$2,666,667 ",6.0,"$55,000,000 ",9166667.0
211,Robert Suarez,SDP,,69.2,0.0,1.9,1.9,156.0,Padres,RHP,"$10,000,000 ",5.0,"$46,000,000 ",9200000.0
212,Clay Holmes,NYM,,165.2,0.0,1.9,1.9,122.0,Mets,RHP,"$13,000,000 ",3.0,"$38,000,000 ",12666667.0
214,Blake Snell,LAD,,61.1,0.0,1.9,1.9,7.0,Dodgers,LHP,"$26,825,953 ",5.0,"$182,000,000 ",36400000.0
215,Jordan Westburg,BAL,352.0,,1.9,,1.9,,Orioles,2,"$772,700 ",,$0 ,772700.0
220,Tanner Bibee,CLE,,182.1,0.0,1.9,1.9,154.0,Guardians,RHP,"$3,400,000 ",5.0,"$48,000,000 ",9600000.0
221,Colin Rea,CHC,1.0,159.1,0.0,1.9,1.9,553.0,Cubs,RHP,"$4,250,000 ",,$0 ,4250000.0
223,Nathan Lukes,TOR,438.0,,1.8,,1.8,,Blue Jays,OF,"$766,800 ",,$0 ,766800.0
225,Kyle Hendricks,LAA,,164.2,0.0,1.8,1.8,269.0,Angels,RHP,"$2,500,000 ",,$0 ,2500000.0
226,Francisco Alvarez,NYM,277.0,,1.8,,1.8,711.0,Mets,C,"$795,000 ",,$0 ,795000.0
228,Myles Straw,TOR,299.0,,1.8,,1.8,188.0,Blue Jays,OF,"$6,000,000 ",5.0,"$25,000,000 ",5000000.0
229,Mike Trout,LAA,556.0,,1.8,,1.8,9.0,Angels,OF,"$37,116,667 ",12.0,"$426,500,000 ",35541666.67
230,Matthew Liberatore,STL,,151.2,0.0,1.8,1.8,,Cardinals,LHP,"$775,800 ",,$0 ,775800.0
231,Taj Bradley,- - -,,142.2,0.0,1.8,1.8,,Rays,RHP,"$774,200 ",,$0 ,774200.0
232,Brandon Woodruff,MIL,,64.2,0.0,1.8,1.8,142.0,Brewers,RHP,"$5,000,000 ",2.0,"$22,000,000 ",11000000.0
233,Will Vest,DET,,68.2,0.0,1.8,1.8,381.0,Tigers,RHP,"$1,400,000 ",,$0 ,1400000.0
234,Josh Smith,TEX,563.0,,1.8,,1.8,761.0,Rangers,INF,"$780,500 ",,$0 ,780500.0
235,Sandy Alcantara,MIA,,174.2,0.0,1.7,1.7,136.0,Marlins,RHP,"$17,300,000 ",5.0,"$56,000,000 ",11200000.0
236,Alec Bohm,PHI,504.0,,1.7,,1.7,591.0,Phillies,3,"$7,700,000 ",,$0 ,7700000.0
237,Victor Scott II,STL,463.0,,1.7,,1.7,418.0,Cardinals,OF,"$764,150 ",,$0 ,764150.0
238,Jeffrey Springs,ATH,,171.0,0.0,1.7,1.7,167.0,Athletics,LHP,"$10,500,000 ",4.0,"$31,000,000 ",7750000.0
239,Spencer Horwitz,PIT,411.0,,1.7,,1.7,,Pirates,1,"$767,500 ",,$0 ,767500.0
240,Sean Newcomb,- - -,,92.1,0.0,1.7,1.7,653.0,Red Sox,LHP,"$1,000,000 ",,$0 ,1000000.0
241,Logan Allen,CLE,,156.2,0.0,1.7,1.7,,Guardians,LHP,"$777,200 ",,$0 ,777200.0
245,Gabe Speier,SEA,,62.0,0.0,1.7,1.7,686.0,Mariners,LHP,"$845,000 ",,$0 ,845000.0
246,Griffin Jax,- - -,,66.0,0.0,1.7,1.7,276.0,Twins,RHP,"$2,365,000 ",,$0 ,2365000.0
247,Jack Dreyer,LAD,,76.1,0.0,1.7,1.7,512.0,Dodgers,LHP,"$760,000 ",,$0 ,760000.0
248,Abner Uribe,MIL,,75.1,0.0,1.7,1.7,456.0,Brewers,RHP,"$762,200 ",,$0 ,762200.0
249,Brandon Lowe,TBR,553.0,,1.7,,1.7,607.0,Rays,2,"$10,500,000 ",,$0 ,10500000.0
250,Josh Jung,TEX,511.0,,1.7,,1.7,759.0,Rangers,3,"$780,500 ",,$0 ,780500.0
251,Austin Riley,ATL,447.0,,1.7,,1.7,52.0,Braves,3,"$22,000,000 ",10.0,"$212,000,000 ",21200000.0
252,Brandon Pfaadt,ARI,,176.2,0.0,1.7,1.7,708.0,Diamondbacks,RHP,"$799,400 ",,$0 ,799400.0
253,Carmen Mlodzinski,PIT,,99.0,0.0,1.6,1.6,,Pirates,RHP,"$775,000 ",,$0 ,775000.0
254,Colt Keith,DET,468.0,,1.6,,1.6,191.0,Tigers,1,"$3,833,333 ",6.0,"$28,642,500 ",4773750.0
255,Tyler Glasnow,LAD,,90.1,0.0,1.6,1.6,19.0,Dodgers,RHP,"$30,000,000 ",5.0,"$136,562,500 ",27312500.0
256,Edmundo Sosa,PHI,261.0,,1.6,,1.6,308.0,Phillies,INF,"$3,000,000 ",,$0 ,3000000.0
257,Graham Ashcraft,CIN,,65.1,0.0,1.6,1.6,782.0,Reds,RHP,"$780,000 ",,$0 ,780000.0
258,Steven Okert,HOU,,71.2,0.0,1.6,1.6,230.0,Astros,LHP,"$1,200,000 ",,$0 ,1200000.0
259,Oneil Cruz,PIT,544.0,,1.6,,1.6,738.0,Pirates,SS,"$785,000 ",,$0 ,785000.0
261,Yainer Diaz,HOU,567.0,,1.6,,1.6,700.0,Astros,C,"$805,600 ",,$0 ,805600.0
264,Trevor Megill,MIL,,47.0,0.0,1.6,1.6,215.0,Brewers,RHP,"$1,940,000 ",,$0 ,1940000.0
265,Matt Strahm,PHI,,62.1,0.0,1.5,1.5,584.0,Phillies,LHP,"$7,500,000 ",,$0 ,7500000.0
266,Phil Maton,- - -,,61.1,0.0,1.5,1.5,330.0,Cardinals,RHP,"$2,000,000 ",,$0 ,2000000.0
268,Kerry Carpenter,DET,464.0,,1.5,,1.5,710.0,Tigers,OF,"$796,800 ",,$0 ,796800.0
269,Miguel Rojas,LAD,317.0,5.0,1.7,-0.2,1.5,559.0,Dodgers,SS,"$5,000,000 ",,$0 ,5000000.0
271,Tylor Megill,NYM,,68.1,0.0,1.5,1.5,210.0,Mets,RHP,"$1,975,000 ",,$0 ,1975000.0
272,Vinnie Pasquantino,KCR,682.0,,1.5,,1.5,713.0,Royals,1,"$793,250 ",,$0 ,793250.0
274,Bo Naylor,CLE,414.0,,1.5,,1.5,717.0,Guardians,C,"$790,300 ",,$0 ,790300.0
275,Zack Littell,- - -,,186.2,0.0,1.5,1.5,564.0,Rays,RHP,"$5,720,000 ",,$0 ,5720000.0
276,Matt Shaw,CHC,437.0,,1.5,,1.5,500.0,Cubs,3,"$760,000 ",,$0 ,760000.0
278,Gavin Williams,CLE,,167.2,0.0,1.4,1.4,763.0,Guardians,RHP,"$780,300 ",,$0 ,780300.0
280,Luis Torrens,NYM,283.0,0.2,1.6,-0.1,1.4,359.0,Mets,C,"$1,500,000 ",,$0 ,1500000.0
281,Jared Triolo,PIT,376.0,1.0,1.5,-0.1,1.4,,Pirates,INF,"$775,000 ",,$0 ,775000.0
285,Nolan Schanuel,LAA,564.0,,1.4,,1.4,764.0,Angels,1,"$780,000 ",,$0 ,780000.0
286,Kodai Senga,NYM,,113.1,0.0,1.4,1.4,97.0,Mets,RHP,"$15,666,667 ",5.0,"$75,000,000 ",15000000.0
287,Matt McLain,CIN,577.0,,1.4,,1.4,,Reds,2,"$770,000 ",,$0 ,770000.0
288,Ke'Bryan Hayes,- - -,570.0,,1.4,,1.4,162.0,Pirates,3,"$7,000,000 ",8.0,"$70,000,000 ",8750000.0
290,Cade Povich,BAL,,112.1,0.0,1.4,1.4,,Orioles,LHP,"$766,100 ",,$0 ,766100.0
291,Kyle Leahy,STL,,88.0,0.0,1.4,1.4,,Cardinals,RHP,"$767,000 ",,$0 ,767000.0
293,Reese Olson,DET,,68.2,0.0,1.4,1.4,730.0,Tigers,RHP,"$787,100 ",,$0 ,787100.0
296,Joey Ortiz,MIL,506.0,,1.4,,1.4,,Brewers,SS,"$776,000 ",,$0 ,776000.0
297,Matt Wallner,MIN,392.0,,1.4,,1.4,,Twins,OF,"$770,750 ",,$0 ,770750.0
300,Devin Williams,NYY,,62.0,0.0,1.4,1.4,616.0,Yankees,RHP,"$8,600,000 ",,$0 ,8600000.0
302,Shawn Armstrong,TEX,,74.0,0.0,1.4,1.4,237.0,Rangers,RHP,"$1,125,000 ",,$0 ,1125000.0
303,Miguel Vargas,CHW,569.0,,1.4,,1.4,,White Sox,3,"$770,400 ",,$0 ,770400.0
304,Lenyn Sosa,CHW,544.0,,1.3,,1.3,,White Sox,2,"$770,000 ",,$0 ,770000.0
305,Gavin Sheets,SDP,545.0,,1.3,,1.3,354.0,Padres,DH,"$1,600,000 ",,$0 ,1600000.0
306,Ronny Henriquez,MIA,,73.0,0.0,1.3,1.3,,Marlins,RHP,"$778,000 ",,$0 ,778000.0
307,Cedric Mullins,- - -,498.0,,1.3,,1.3,615.0,Orioles,OF,"$8,725,000 ",,$0 ,8725000.0
308,Ozzie Albies,ATL,667.0,,1.3,,1.3,187.0,Braves,2,"$7,000,000 ",7.0,"$35,000,000 ",5000000.0
309,Daniel Schneemann,CLE,422.0,,1.3,,1.3,,Guardians,INF,"$766,000 ",,$0 ,766000.0
310,Joey Bart,PIT,332.0,,1.3,,1.3,222.0,Pirates,C,"$1,750,000 ",,$0 ,1750000.0
313,Tyler Rogers,- - -,,77.1,0.0,1.3,1.3,545.0,Giants,RHP,"$5,250,000 ",,$0 ,5250000.0
314,Davis Schneider,TOR,227.0,,1.3,,1.3,769.0,Blue Jays,INF,"$780,000 ",,$0 ,780000.0
317,Kody Clemens,- - -,386.0,1.0,1.4,-0.1,1.3,,Phillies,INF,"$771,000 ",,$0 ,771000.0
318,Danny Jansen,- - -,337.0,,1.3,,1.3,601.0,Rays,C,"$8,000,000 ",,$0 ,8000000.0
319,Brad Keller,CHC,,69.2,0.0,1.3,1.3,362.0,Cubs,RHP,"$1,500,000 ",,$0 ,1500000.0
320,Clarke Schmidt,NYY,,78.2,0.0,1.3,1.3,285.0,Yankees,RHP,"$3,600,000 ",,$0 ,3600000.0
321,Luis Robert Jr.,CHW,431.0,,1.3,,1.3,164.0,White Sox,OF,"$15,000,000 ",6.0,"$50,000,000 ",8333333.33
322,Davis Martin,CHW,,142.2,0.0,1.3,1.3,,White Sox,RHP,"$765,450 ",,$0 ,765450.0
323,Ben Casparius,LAD,,77.2,0.0,1.3,1.3,449.0,Dodgers,RHP,"$762,500 ",,$0 ,762500.0
324,Eduardo Rodriguez,ARI,,154.1,0.0,1.3,1.3,63.0,Diamondbacks,LHP,"$20,000,000 ",4.0,"$80,000,000 ",20000000.0
325,Brendon Little,TOR,,68.1,0.0,1.3,1.3,,Blue Jays,LHP,"$771,800 ",,$0 ,771800.0
327,Tyler Alexander,- - -,1.0,97.2,0.0,1.3,1.3,649.0,Brewers,LHP,"$1,000,000 ",,$0 ,1000000.0
329,Jurickson Profar,ATL,371.0,,1.3,,1.3,112.0,Braves,OF,"$12,000,000 ",3.0,"$42,000,000 ",14000000.0
330,Jimmy Herget,COL,,83.1,0.0,1.3,1.3,685.0,Rockies,RHP,"$850,000 ",,$0 ,850000.0
331,Brad Lord,WSN,,130.2,0.0,1.2,1.2,527.0,Nationals,RHP,"$760,000 ",,$0 ,760000.0
333,Jason Adam,SDP,,65.1,0.0,1.2,1.2,532.0,Padres,RHP,"$4,800,000 ",,$0 ,4800000.0
335,Aaron Ashby,MIL,,66.2,0.0,1.2,1.2,199.0,Brewers,LHP,"$3,450,000 ",5.0,"$20,500,000 ",4100000.0
336,Jackson Holliday,BAL,649.0,,1.2,,1.2,409.0,Orioles,2,"$764,800 ",,$0 ,764800.0
337,Austin Hays,CIN,416.0,,1.2,,1.2,293.0,Reds,OF,"$4,000,000 ",,$0 ,4000000.0
338,Michael Lorenzen,KCR,,141.2,0.0,1.2,1.2,561.0,Royals,RHP,"$5,500,000 ",,$0 ,5500000.0
339,Jo Adell,LAA,573.0,,1.2,,1.2,338.0,Angels,OF,"$2,100,000 ",,$0 ,2100000.0
341,Kyle Finnegan,- - -,,57.0,0.0,1.2,1.2,542.0,Nationals,RHP,"$5,357,523 ",,$0 ,5357523.0
342,Marcell Ozuna,ATL,592.0,,1.2,,1.2,630.0,Braves,DH,"$16,000,000 ",,$0 ,16000000.0
343,Reid Detmers,LAA,,63.2,0.0,1.2,1.2,218.0,Angels,LHP,"$1,825,000 ",,$0 ,1825000.0
346,Tommy Edman,LAD,377.0,,1.2,,1.2,103.0,Dodgers,2,"$8,400,000 ",5.0,"$74,000,000 ",14800000.0
347,Austin Hedges,CLE,180.0,3.0,1.2,0.0,1.2,291.0,Guardians,C,"$4,000,000 ",,$0 ,4000000.0
348,Kyle Manzardo,CLE,531.0,,1.2,,1.2,433.0,Guardians,DH,"$763,200 ",,$0 ,763200.0
349,Trevor Williams,WSN,,82.2,0.0,1.2,1.2,174.0,Nationals,RHP,"$7,000,000 ",2.0,"$14,000,000 ",7000000.0
350,Dennis Santana,PIT,,70.1,0.0,1.2,1.2,380.0,Pirates,RHP,"$1,400,000 ",,$0 ,1400000.0
351,Bailey Ober,MIN,,146.1,0.0,1.2,1.2,286.0,Twins,RHP,"$3,550,000 ",,$0 ,3550000.0
352,Adley Rutschman,BAL,365.0,,1.2,,1.2,565.0,Orioles,C,"$5,500,000 ",,$0 ,5500000.0
354,Joey Wentz,- - -,,98.0,0.0,1.1,1.1,,Pirates,LHP,"$775,000 ",,$0 ,775000.0
355,Kyle Isbel,KCR,409.0,,1.1,,1.1,223.0,Royals,OF,"$1,750,000 ",,$0 ,1750000.0
356,Kyle Bradish,BAL,,32.0,0.0,1.1,1.1,277.0,Orioles,RHP,"$2,350,000 ",,$0 ,2350000.0
357,Landen Roupp,SFG,,106.2,0.0,1.1,1.1,403.0,Giants,RHP,"$765,000 ",,$0 ,765000.0
358,Tyler Stephenson,CIN,342.0,,1.1,,1.1,560.0,Reds,C,"$4,925,000 ",,$0 ,4925000.0
359,Christian Walker,HOU,640.0,,1.1,,1.1,62.0,Astros,1,"$20,000,000 ",3.0,"$60,000,000 ",20000000.0
360,Caleb Thielbar,CHC,,58.0,0.0,1.1,1.1,252.0,Cubs,LHP,"$2,750,000 ",,$0 ,2750000.0
361,Miguel Andujar,- - -,341.0,,1.1,,1.1,312.0,Athletics,OF,"$3,000,000 ",,$0 ,3000000.0
362,Steven Matz,- - -,,76.2,0.0,1.1,1.1,145.0,Cardinals,LHP,"$12,500,000 ",4.0,"$44,000,000 ",11000000.0
364,Jameson Taillon,CHC,,129.2,0.0,1.1,1.1,88.0,Cubs,RHP,"$18,000,000 ",4.0,"$68,000,000 ",17000000.0
365,Josh Hader,HOU,,52.2,0.0,1.1,1.1,69.0,Astros,LHP,"$19,000,000 ",5.0,"$95,000,000 ",19000000.0
366,Michael Soroka,- - -,,89.2,0.0,1.1,1.1,611.0,Nationals,RHP,"$9,000,000 ",,$0 ,9000000.0
367,Emmanuel Clase,CLE,,47.1,0.0,1.1,1.1,202.0,Guardians,RHP,"$4,900,000 ",5.0,"$20,000,000 ",4000000.0
369,Heliot Ramos,SFG,695.0,,1.1,,1.1,773.0,Giants,OF,"$780,000 ",,$0 ,780000.0
372,Gabriel Arias,CLE,471.0,,1.1,,1.1,,Guardians,2,"$770,200 ",,$0 ,770200.0
373,Bryan Reynolds,PIT,654.0,,1.1,,1.1,115.0,Pirates,OF,"$12,250,000 ",8.0,"$106,750,000 ",13343750.0
376,Ben Brown,CHC,,106.1,0.0,1.1,1.1,448.0,Cubs,RHP,"$762,500 ",,$0 ,762500.0
377,Zac Gallen,ARI,,192.0,0.0,1.1,1.1,622.0,Diamondbacks,RHP,"$13,500,000 ",,$0 ,13500000.0
379,Tony Santillan,CIN,,73.2,0.0,1.1,1.1,661.0,Reds,RHP,"$1,000,000 ",,$0 ,1000000.0
380,Blaze Alexander,ARI,266.0,,1.1,,1.1,,Diamondbacks,INF,"$766,300 ",,$0 ,766300.0
382,Jeremiah Estrada,SDP,,73.0,0.0,1.0,1.0,,Padres,RHP,"$776,500 ",,$0 ,776500.0
384,Cam Smith,HOU,493.0,,1.0,,1.0,515.0,Astros,OF,"$760,000 ",,$0 ,760000.0
387,Nick Fortes,- - -,242.0,,1.0,,1.0,217.0,Marlins,C,"$1,860,000 ",,$0 ,1860000.0
388,Justin Wilson,BOS,,48.1,0.0,1.0,1.0,321.0,Red Sox,LHP,"$2,250,000 ",,$0 ,2250000.0
389,Anthony Volpe,NYY,596.0,,1.0,,1.0,677.0,Yankees,SS,"$879,000 ",,$0 ,879000.0
390,Jacob Young,WSN,364.0,,1.0,,1.0,,Nationals,OF,"$768,700 ",,$0 ,768700.0
392,Liam Hicks,MIA,390.0,,1.0,,1.0,503.0,Marlins,C,"$760,000 ",,$0 ,760000.0
393,Raisel Iglesias,ATL,,67.1,0.0,1.0,1.0,105.0,Braves,RHP,"$16,000,000 ",4.0,"$58,000,000 ",14500000.0
394,Rob Refsnyder,BOS,209.0,,1.0,,1.0,339.0,Red Sox,OF,"$2,100,000 ",,$0 ,2100000.0
397,Royce Lewis,MIN,403.0,,1.0,,1.0,352.0,Twins,SS,"$1,625,000 ",,$0 ,1625000.0
398,Kyle Higashioka,TEX,327.0,,1.0,,1.0,176.0,Rangers,C,"$5,750,000 ",2.0,"$13,500,000 ",6750000.0
399,Graham Pauley,MIA,184.0,,1.0,,1.0,471.0,Marlins,3,"$761,500 ",,$0 ,761500.0
400,Alex Vesia,LAD,,59.2,0.0,1.0,1.0,320.0,Dodgers,LHP,"$2,250,000 ",,$0 ,2250000.0
401,Pete Fairbanks,TBR,,60.1,0.0,1.0,1.0,200.0,Rays,RHP,"$3,816,667 ",3.0,"$12,000,000 ",4000000.0
403,Hoby Milner,TEX,,70.1,0.0,1.0,1.0,267.0,Rangers,LHP,"$2,500,000 ",,$0 ,2500000.0
404,Freddy Fermin,- - -,347.0,,1.0,,1.0,754.0,Royals,C,"$781,750 ",,$0 ,781750.0
405,Spencer Steer,CIN,568.0,,1.0,,1.0,768.0,Reds,DH,"$780,000 ",,$0 ,780000.0
407,Austin Wynns,- - -,110.0,,1.0,,1.0,239.0,Reds,C,"$1,100,000 ",,$0 ,1100000.0
410,Griffin Canning,NYM,,76.1,0.0,0.9,0.9,554.0,Mets,RHP,"$4,250,000 ",,$0 ,4250000.0
411,Alex Call,- - -,322.0,,0.9,,0.9,,Nationals,OF,"$769,100 ",,$0 ,769100.0
412,Aaron Nola,PHI,,94.1,0.0,0.9,0.9,41.0,Phillies,RHP,"$24,571,428 ",7.0,"$172,000,000 ",24571429.0
413,Luis Ortiz,CLE,,88.2,0.0,0.9,0.9,747.0,Guardians,RHP,"$782,600 ",,$0 ,782600.0
414,Tyler Kinley,- - -,,72.2,0.0,0.9,0.9,206.0,Rockies,RHP,"$3,000,000 ",3.0,"$6,250,000 ",2083333.33
415,Spencer Strider,ATL,,125.1,0.0,0.9,0.9,125.0,Braves,RHP,"$4,000,000 ",6.0,"$75,000,000 ",12500000.0
416,Justin Topa,MIN,,60.0,0.0,0.9,0.9,664.0,Twins,RHP,"$1,000,000 ",,$0 ,1000000.0
417,Nick Gonzales,PIT,408.0,,0.9,,0.9,,Pirates,2,"$775,000 ",,$0 ,775000.0
418,Aaron Civale,- - -,,102.0,0.0,0.9,0.9,594.0,Brewers,RHP,"$8,000,000 ",,$0 ,8000000.0
420,Jared Koenig,MIL,,66.0,0.0,0.9,0.9,,Brewers,LHP,"$776,300 ",,$0 ,776300.0
421,Ty France,- - -,490.0,,0.9,,0.9,644.0,Twins,1,"$1,000,000 ",,$0 ,1000000.0
422,Shota Imanaga,CHC,,144.2,0.0,0.9,0.9,117.0,Cubs,LHP,"$13,750,000 ",4.0,"$53,000,000 ",13250000.0
423,Luis Arraez,SDP,675.0,,0.9,,0.9,624.0,Padres,1,"$14,000,000 ",,$0 ,14000000.0
424,JoJo Romero,STL,,61.0,0.0,0.9,0.9,319.0,Cardinals,LHP,"$2,260,000 ",,$0 ,2260000.0
425,Rhys Hoskins,MIL,328.0,,0.9,,0.9,92.0,Brewers,1,"$18,000,000 ",2.0,"$34,000,000 ",17000000.0
427,Jordan Beck,COL,588.0,,0.9,,0.9,463.0,Rockies,OF,"$762,000 ",,$0 ,762000.0
428,Grant Holmes,ATL,,115.0,0.0,0.9,0.9,,Braves,RHP,"$770,000 ",,$0 ,770000.0
429,Mitchell Parker,WSN,,164.2,0.0,0.9,0.9,,Nationals,LHP,"$767,200 ",,$0 ,767200.0
431,Edwin Uceta,TBR,,76.0,0.0,0.9,0.9,696.0,Rays,RHP,"$815,000 ",,$0 ,815000.0
432,Lucas Erceg,KCR,,61.1,0.0,0.9,0.9,,Royals,RHP,"$776,750 ",,$0 ,776750.0
433,Nolan Arenado,STL,436.0,,0.9,,0.9,15.0,Cardinals,3,"$29,533,909 ",8.0,"$260,000,000 ",32500000.0
434,Cristian Javier,HOU,,37.0,0.0,0.9,0.9,121.0,Astros,RHP,"$10,400,000 ",5.0,"$64,000,000 ",12800000.0
435,Miguel Amaya,CHC,103.0,,0.8,,0.8,748.0,Cubs,C,"$782,500 ",,$0 ,782500.0
437,Hunter Gaddis,CLE,,66.2,0.0,0.8,0.8,,Guardians,RHP,"$778,900 ",,$0 ,778900.0
438,Victor Caratini,HOU,386.0,,0.8,,0.8,183.0,Astros,C,"$6,000,000 ",2.0,"$12,000,000 ",6000000.0
439,Michael King,SDP,,73.1,0.0,0.8,0.8,259.0,Padres,RHP,"$4,000,000 ",,$0 ,4000000.0
441,Lars Nootbaar,STL,583.0,,0.8,,0.8,247.0,Cardinals,OF,"$2,950,000 ",,$0 ,2950000.0
442,Ezequiel Tovar,COL,390.0,,0.8,,0.8,159.0,Rockies,SS,"$4,214,286 ",7.0,"$63,500,000 ",9071428.0
443,Ryan Gusto,- - -,,101.2,0.0,0.8,0.8,518.0,Astros,RHP,"$760,000 ",,$0 ,760000.0
445,Andrew Kittredge,- - -,,53.0,0.0,0.8,0.8,612.0,Orioles,RHP,"$9,000,000 ",,$0 ,9000000.0
451,Caleb Ferguson,- - -,,65.1,0.0,0.8,0.8,309.0,Pirates,LHP,"$3,000,000 ",,$0 ,3000000.0
453,Dustin May,- - -,,132.1,0.0,0.8,0.8,337.0,Dodgers,RHP,"$2,135,000 ",,$0 ,2135000.0
454,Cole Sands,MIN,,72.0,0.0,0.8,0.8,,Twins,RHP,"$778,050 ",,$0 ,778050.0
455,Jake Bauers,MIL,218.0,5.0,0.8,0.0,0.8,374.0,Brewers,1,"$1,400,000 ",,$0 ,1400000.0
456,Tyrone Taylor,NYM,341.0,,0.8,,0.8,305.0,Mets,OF,"$3,025,000 ",,$0 ,3025000.0
457,Paul Goldschmidt,NYY,534.0,,0.8,,0.8,627.0,Yankees,1,"$12,500,000 ",,$0 ,12500000.0
458,Tanner Banks,PHI,,67.1,0.0,0.8,0.8,733.0,Phillies,LHP,"$785,500 ",,$0 ,785500.0
459,Fernando Cruz,NYY,,48.0,0.0,0.8,0.8,737.0,Yankees,RHP,"$785,000 ",,$0 ,785000.0
460,Reed Garrett,NYM,,55.1,0.0,0.8,0.8,669.0,Mets,RHP,"$950,000 ",,$0 ,950000.0
462,Matt Brash,SEA,,47.1,0.0,0.8,0.8,,Mariners,RHP,"$777,600 ",,$0 ,777600.0
469,Corbin Burnes,ARI,,64.1,0.0,0.7,0.7,11.0,Diamondbacks,RHP,"$30,791,435 ",6.0,"$210,000,000 ",35000000.0
471,Lourdes Gurriel Jr.,ARI,546.0,,0.7,,0.7,110.0,Diamondbacks,OF,"$14,000,000 ",3.0,"$42,000,000 ",14000000.0
473,Adam Frazier,- - -,459.0,,0.7,,0.7,356.0,Pirates,2,"$1,525,000 ",,$0 ,1525000.0
474,Nick Allen,ATL,416.0,,0.7,,0.7,,Braves,SS,"$780,000 ",,$0 ,780000.0
475,Gregory Soto,- - -,,60.1,0.0,0.7,0.7,543.0,Orioles,LHP,"$5,350,000 ",,$0 ,5350000.0
478,Garrett Cleavinger,TBR,,61.1,0.0,0.7,0.7,231.0,Rays,LHP,"$1,200,000 ",,$0 ,1200000.0
479,Andre Pallante,STL,,162.2,0.0,0.7,0.7,341.0,Cardinals,RHP,"$2,100,000 ",,$0 ,2100000.0
480,Slade Cecconi,CLE,,132.0,0.0,0.7,0.7,404.0,Guardians,RHP,"$765,000 ",,$0 ,765000.0
481,Casey Schmitt,SFG,348.0,,0.7,,0.7,770.0,Giants,INF,"$780,000 ",,$0 ,780000.0
483,Isiah Kiner-Falefa,- - -,459.0,0.2,0.7,0.0,0.7,170.0,Pirates,SS,"$7,500,000 ",2.0,"$15,000,000 ",7500000.0
484,Sean Burke,CHW,,134.1,0.0,0.7,0.7,493.0,White Sox,RHP,"$760,350 ",,$0 ,760350.0
486,Ronny Mauricio,NYM,184.0,,0.7,,0.7,,Mets,INF,"$766,000 ",,$0 ,766000.0
487,Orion Kerkering,PHI,,60.0,0.0,0.7,0.7,,Phillies,RHP,"$773,000 ",,$0 ,773000.0
489,Bryan King,HOU,,68.0,0.0,0.7,0.7,,Astros,LHP,"$766,400 ",,$0 ,766400.0
490,Chris Paddack,- - -,,158.0,0.0,0.7,0.7,196.0,Twins,RHP,"$7,500,000 ",3.0,"$12,525,000 ",4175000.0
491,Pavin Smith,ARI,288.0,,0.7,,0.7,357.0,Diamondbacks,1,"$1,500,000 ",,$0 ,1500000.0
495,Brock Stewart,- - -,,37.2,0.0,0.7,0.7,679.0,Twins,RHP,"$870,000 ",,$0 ,870000.0
498,Starling Marte,NYM,329.0,,0.7,,0.7,66.0,Mets,OF,"$20,750,000 ",4.0,"$78,000,000 ",19500000.0
499,Greg Weissert,BOS,,67.0,0.0,0.7,0.7,,Red Sox,RHP,"$774,000 ",,$0 ,774000.0
502,Eli White,ATL,271.0,,0.7,,0.7,723.0,Braves,INF,"$790,000 ",,$0 ,790000.0
504,Colton Cowser,BAL,360.0,,0.7,,0.7,,Orioles,OF,"$774,500 ",,$0 ,774500.0
505,Derek Hill,- - -,149.0,,0.7,,0.7,688.0,Marlins,OF,"$831,000 ",,$0 ,831000.0
506,Danny Coulombe,- - -,,43.0,0.0,0.7,0.7,311.0,Twins,LHP,"$3,000,000 ",,$0 ,3000000.0
509,Matt Thaiss,- - -,190.0,,0.6,,0.6,647.0,White Sox,C,"$1,000,000 ",,$0 ,1000000.0
511,Brenan Hanifee,DET,,60.0,0.0,0.6,0.6,,Tigers,RHP,"$766,000 ",,$0 ,766000.0
512,Shelby Miller,- - -,,46.0,0.0,0.6,0.6,657.0,Diamondbacks,RHP,"$1,000,000 ",,$0 ,1000000.0
513,Mickey Moniak,COL,461.0,,0.6,,0.6,226.0,Rockies,OF,"$1,250,000 ",,$0 ,1250000.0
515,Camilo Doval,- - -,,65.1,0.0,0.6,0.6,539.0,Giants,RHP,"$4,525,000 ",,$0 ,4525000.0
517,Ryan Walker,SFG,,61.1,0.0,0.6,0.6,781.0,Giants,RHP,"$780,000 ",,$0 ,780000.0
519,Kenley Jansen,LAA,,59.0,0.0,0.6,0.6,609.0,Angels,RHP,"$10,000,000 ",,$0 ,10000000.0
522,Brant Hurter,DET,,63.0,0.0,0.6,0.6,,Tigers,LHP,"$767,100 ",,$0 ,767100.0
523,Brennan Bernardino,BOS,,51.2,0.0,0.6,0.6,,Red Sox,LHP,"$774,000 ",,$0 ,774000.0
525,Ronel Blanco,HOU,,48.1,0.0,0.6,0.6,703.0,Astros,RHP,"$802,700 ",,$0 ,802700.0
526,Jakob Junis,CLE,,66.2,0.0,0.6,0.6,555.0,Guardians,RHP,"$4,500,000 ",,$0 ,4500000.0
527,Andrew Vaughn,- - -,447.0,,0.6,,0.6,568.0,White Sox,1,"$5,850,000 ",,$0 ,5850000.0
528,Jonny DeLuca,TBR,59.0,,0.6,,0.6,,Rays,OF,"$770,100 ",,$0 ,770100.0
532,AJ Smith-Shawver,ATL,,44.1,0.0,0.6,0.6,,Braves,RHP,"$770,000 ",,$0 ,770000.0
534,Luis Gil,NYY,,57.0,0.0,0.6,0.6,701.0,Yankees,RHP,"$804,125 ",,$0 ,804125.0
535,Mason Englert,TBR,,44.2,0.0,0.6,0.6,429.0,Rays,RHP,"$763,400 ",,$0 ,763400.0
536,Willi Castro,- - -,454.0,1.0,0.5,0.0,0.6,581.0,Twins,3,"$6,400,000 ",,$0 ,6400000.0
537,Hogan Harris,ATH,,64.2,0.0,0.6,0.6,510.0,Athletics,LHP,"$760,000 ",,$0 ,760000.0
539,Chris Martin,TEX,,42.1,0.0,0.6,0.6,563.0,Rangers,RHP,"$5,500,000 ",,$0 ,5500000.0
541,Yordan Alvarez,HOU,199.0,,0.5,,0.5,68.0,Astros,DH,"$15,833,333 ",6.0,"$115,000,000 ",19166667.0
542,Christian Koss,SFG,191.0,4.0,0.5,0.0,0.5,507.0,Giants,INF,"$760,000 ",,$0 ,760000.0
543,Bailey Falter,- - -,,125.1,0.0,0.5,0.5,333.0,Pirates,LHP,"$2,222,000 ",,$0 ,2222000.0
544,Victor Vodnik,COL,,50.2,0.0,0.5,0.5,407.0,Rockies,RHP,"$765,000 ",,$0 ,765000.0
546,Robert Garcia,TEX,,64.0,0.0,0.5,0.5,,Rangers,LHP,"$772,500 ",,$0 ,772500.0
548,Salvador Perez,KCR,641.0,,0.5,,0.5,56.0,Royals,C,"$21,849,212 ",4.0,"$82,000,000 ",20500000.0
550,Jordan Leasure,CHW,,64.1,0.0,0.5,0.5,,White Sox,RHP,"$765,800 ",,$0 ,765800.0
551,Max Meyer,MIA,,64.2,0.0,0.5,0.5,,Marlins,RHP,"$768,000 ",,$0 ,768000.0
552,Taijuan Walker,PHI,,123.2,0.0,0.5,0.5,80.0,Phillies,RHP,"$18,000,000 ",4.0,"$72,000,000 ",18000000.0
553,Eduard Bazardo,SEA,,78.2,0.0,0.5,0.5,676.0,Mariners,RHP,"$892,700 ",,$0 ,892700.0
554,Seth Lugo,KCR,,145.1,0.0,0.5,0.5,101.0,Royals,RHP,"$15,000,000 ",3.0,"$45,000,000 ",15000000.0
555,Hunter Harvey,KCR,,10.2,0.0,0.5,0.5,283.0,Royals,RHP,"$3,700,000 ",,$0 ,3700000.0
556,Wandy Peralta,SDP,,71.2,0.0,0.5,0.5,197.0,Padres,LHP,"$4,250,000 ",4.0,"$16,500,000 ",4125000.0
557,Bryan Baker,- - -,,68.2,0.0,0.5,0.5,,Orioles,RHP,"$768,700 ",,$0 ,768700.0
558,Justin Lawrence,PIT,,17.2,0.0,0.5,0.5,665.0,Pirates,RHP,"$975,000 ",,$0 ,975000.0
562,Brenton Doyle,COL,538.0,,0.5,,0.5,395.0,Rockies,OF,"$765,000 ",,$0 ,765000.0
565,Luke Weaver,NYY,,64.2,0.0,0.5,0.5,270.0,Yankees,RHP,"$2,500,000 ",,$0 ,2500000.0
566,Alek Thomas,ARI,469.0,,0.5,,0.5,716.0,Diamondbacks,OF,"$793,000 ",,$0 ,793000.0
568,Cade Cavalli,WSN,,48.2,0.0,0.5,0.5,496.0,Nationals,RHP,"$760,200 ",,$0 ,760200.0
569,Nick Mears,MIL,,56.2,0.0,0.5,0.5,666.0,Brewers,RHP,"$963,000 ",,$0 ,963000.0
572,Jake Bird,- - -,,55.1,0.0,0.5,0.5,,Rockies,RHP,"$770,000 ",,$0 ,770000.0
573,Javier Sanoja,MIA,342.0,9.1,0.7,-0.3,0.5,472.0,Marlins,OF,"$761,500 ",,$0 ,761500.0
576,Anthony Bender,MIA,,50.0,0.0,0.4,0.4,373.0,Marlins,RHP,"$1,420,000 ",,$0 ,1420000.0
577,Sean Manaea,NYM,,60.2,0.0,0.4,0.4,40.0,Mets,LHP,"$20,211,904 ",3.0,"$75,000,000 ",25000000.0
579,Mike Vasil,CHW,,101.0,0.0,0.4,0.4,529.0,White Sox,RHP,"$760,000 ",,$0 ,760000.0
580,Blake Perkins,MIL,171.0,,0.4,,0.4,704.0,Brewers,OF,"$802,500 ",,$0 ,802500.0
581,Johan Rojas,PHI,172.0,,0.4,,0.4,,Phillies,OF,"$773,500 ",,$0 ,773500.0
583,Spencer Bivens,SFG,,81.0,0.0,0.4,0.4,402.0,Giants,RHP,"$765,000 ",,$0 ,765000.0
585,Aaron Bummer,ATL,,54.1,0.0,0.4,0.4,171.0,Braves,LHP,"$3,500,000 ",2.0,"$13,000,000 ",7500000.0
587,Enyel De Los Santos,- - -,,66.0,0.0,0.4,0.4,379.0,Braves,RHP,"$1,400,000 ",,$0 ,1400000.0
589,Mark Vientos,NYM,463.0,,0.4,,0.4,728.0,Mets,3,"$788,750 ",,$0 ,788750.0
591,Tyler Gilbert,CHW,,51.0,0.0,0.4,0.4,673.0,White Sox,LHP,"$900,000 ",,$0 ,900000.0
593,Max Scherzer,TOR,,85.0,0.0,0.4,0.4,631.0,Blue Jays,RHP,"$15,500,000 ",,$0 ,15500000.0
594,Brayan Rocchio,CLE,383.0,,0.4,,0.4,,Guardians,SS,"$771,000 ",,$0 ,771000.0
595,Justin Slaten,BOS,,34.0,0.0,0.4,0.4,,Red Sox,RHP,"$776,000 ",,$0 ,776000.0
596,Ryan Feltner,COL,,30.1,0.0,0.4,0.4,318.0,Rockies,RHP,"$2,275,000 ",,$0 ,2275000.0
597,Jonathan Cannon,CHW,,103.2,0.0,0.4,0.4,,White Sox,RHP,"$769,100 ",,$0 ,769100.0
600,Brett Harris,ATH,84.0,,0.4,,0.4,499.0,Athletics,3,"$760,000 ",,$0 ,760000.0
601,Tobias Myers,MIL,,50.2,0.0,0.4,0.4,753.0,Brewers,RHP,"$781,800 ",,$0 ,781800.0
602,JT Brubaker,- - -,,28.2,0.0,0.4,0.4,219.0,Yankees,RHP,"$1,820,000 ",,$0 ,1820000.0
607,Kyren Paris,LAA,140.0,,0.4,,0.4,,Angels,SS,"$770,000 ",,$0 ,770000.0
608,Yu Darvish,SDP,,72.0,0.0,0.4,0.4,78.0,Padres,RHP,"$21,000,000 ",6.0,"$108,000,000 ",18000000.0
610,Zack Kelly,BOS,,35.1,0.0,0.4,0.4,,Red Sox,RHP,"$771,500 ",,$0 ,771500.0
612,DL Hall,MIL,,38.2,0.0,0.4,0.4,,Brewers,LHP,"$766,100 ",,$0 ,766100.0
613,Cal Quantrill,- - -,,117.2,0.0,0.4,0.4,257.0,Marlins,RHP,"$3,500,000 ",,$0 ,3500000.0
614,Ben Lively,CLE,,44.2,0.0,0.4,0.4,323.0,Guardians,RHP,"$2,250,000 ",,$0 ,2250000.0
616,Garrett Mitchell,MIL,78.0,,0.4,,0.4,,Brewers,OF,"$772,000 ",,$0 ,772000.0
618,Amed Rosario,- - -,191.0,1.0,0.4,-0.1,0.4,348.0,Nationals,INF,"$2,000,000 ",,$0 ,2000000.0
623,Justin Sterner,ATH,,65.0,0.0,0.3,0.3,523.0,Athletics,RHP,"$760,000 ",,$0 ,760000.0
625,Javier Assad,CHC,,37.0,0.0,0.3,0.3,714.0,Cubs,RHP,"$793,250 ",,$0 ,793250.0
627,Kameron Misner,TBR,217.0,,0.3,,0.3,489.0,Rays,OF,"$760,700 ",,$0 ,760700.0
631,Jake Rogers,DET,142.0,3.2,0.3,0.0,0.3,264.0,Tigers,C,"$2,640,000 ",,$0 ,2640000.0
632,Brooks Lee,MIN,527.0,,0.3,,0.3,416.0,Twins,INF,"$764,450 ",,$0 ,764450.0
634,Eric Haase,MIL,77.0,,0.3,,0.3,383.0,Brewers,C,"$1,350,000 ",,$0 ,1350000.0
636,A.J. Minter,NYM,,11.0,0.0,0.3,0.3,138.0,Mets,LHP,"$11,000,000 ",2.0,"$22,000,000 ",11000000.0
637,Erik Sabrowski,CLE,,29.1,0.0,0.3,0.3,411.0,Guardians,LHP,"$764,700 ",,$0 ,764700.0
638,Angel Zerpa,KCR,,64.2,0.0,0.3,0.3,,Royals,LHP,"$779,000 ",,$0 ,779000.0
639,Tyler Wells,BAL,,21.2,0.0,0.3,0.3,342.0,Orioles,RHP,"$2,075,000 ",,$0 ,2075000.0
640,Charlie Morton,- - -,,142.0,0.0,0.3,0.3,619.0,Orioles,RHP,"$15,000,000 ",,$0 ,15000000.0
641,Dylan Lee,ATL,,68.1,0.0,0.3,0.3,641.0,Braves,LHP,"$1,025,000 ",,$0 ,1025000.0
644,John Schreiber,KCR,,64.0,0.0,0.3,0.3,317.0,Royals,RHP,"$2,300,000 ",,$0 ,2300000.0
645,Jose Trevino,CIN,302.0,2.1,0.3,0.0,0.3,190.0,Reds,C,"$3,425,000 ",3.0,"$14,925,000 ",4975000.0
647,Brandon Lockridge,- - -,148.0,,0.3,,0.3,494.0,Padres,OF,"$760,300 ",,$0 ,760300.0
649,Carlos Santana,- - -,474.0,,0.3,,0.3,625.0,Guardians,1,"$12,000,000 ",,$0 ,12000000.0
650,Jake Fraley,- - -,217.0,,0.3,,0.3,304.0,Reds,OF,"$3,125,000 ",,$0 ,3125000.0
651,Ryan Brasier,CHC,,26.0,0.0,0.3,0.3,193.0,Cubs,RHP,"$4,500,000 ",2.0,"$9,000,000 ",4500000.0
653,Ha-Seong Kim,- - -,191.0,,0.3,,0.3,106.0,Rays,SS,"$13,000,000 ",2.0,"$29,000,000 ",14500000.0
654,Shane Bieber,TOR,,40.1,0.0,0.3,0.3,119.0,Guardians,RHP,"$10,000,000 ",2.0,"$26,000,000 ",13000000.0
656,Miles Mikolas,STL,,156.1,0.0,0.3,0.3,72.0,Cardinals,RHP,"$17,666,667 ",3.0,"$55,750,000 ",18583333.0
657,Tyler Ferguson,ATH,,58.0,0.0,0.3,0.3,520.0,Athletics,RHP,"$760,000 ",,$0 ,760000.0
658,Max Kranick,NYM,,37.0,0.0,0.3,0.3,,Mets,RHP,"$771,000 ",,$0 ,771000.0
662,Gavin Lux,CIN,503.0,,0.3,,0.3,300.0,Reds,2,"$3,325,000 ",,$0 ,3325000.0
663,Pierce Johnson,ATL,,59.0,0.0,0.3,0.3,173.0,Braves,RHP,"$7,000,000 ",2.0,"$14,250,000 ",7125000.0
664,Edgardo Henriquez,LAD,,19.0,0.0,0.3,0.3,452.0,Dodgers,,"$762,500 ",,$0 ,762500.0
667,Kumar Rocker,TEX,,64.1,0.0,0.3,0.3,475.0,Rangers,RHP,"$761,500 ",,$0 ,761500.0
668,Mason Montgomery,TBR,,46.0,0.0,0.3,0.3,468.0,Rays,LHP,"$761,800 ",,$0 ,761800.0
669,Brock Burke,LAA,,61.2,0.0,0.3,0.3,233.0,Angels,LHP,"$1,150,000 ",,$0 ,1150000.0
675,Jordan Hicks,- - -,,67.1,0.0,0.3,0.3,146.0,Giants,RHP,"$12,500,000 ",4.0,"$44,000,000 ",11000000.0
677,Taylor Walls,TBR,317.0,,0.3,,0.3,384.0,Rays,INF,"$1,350,000 ",,$0 ,1350000.0
678,DJ LeMahieu,NYY,142.0,,0.3,,0.3,102.0,Yankees,3,"$15,000,000 ",6.0,"$90,000,000 ",15000000.0
679,Miles Mastrobuoni,SEA,175.0,1.0,0.3,0.0,0.3,,Mariners,INF,"$768,000 ",,$0 ,768000.0
680,Ryan Helsley,- - -,,56.0,0.0,0.2,0.2,599.0,Cardinals,RHP,"$8,200,000 ",,$0 ,8200000.0
682,Danny Young,NYM,,8.1,0.0,0.2,0.2,691.0,Mets,LHP,"$825,000 ",,$0 ,825000.0
687,Collin Snider,SEA,,26.1,0.0,0.2,0.2,,Mariners,RHP,"$773,000 ",,$0 ,773000.0
688,Johan Oviedo,PIT,,40.1,0.0,0.2,0.2,684.0,Pirates,RHP,"$850,000 ",,$0 ,850000.0
689,Evan Phillips,LAD,,5.2,0.0,0.2,0.2,572.0,Dodgers,RHP,"$6,100,000 ",,$0 ,6100000.0
690,Ryan Thompson,ARI,,41.1,0.0,0.2,0.2,245.0,Diamondbacks,RHP,"$2,965,000 ",,$0 ,2965000.0
693,Jacob Webb,TEX,,66.0,0.0,0.2,0.2,228.0,Rangers,RHP,"$1,250,000 ",,$0 ,1250000.0
695,Tommy Pham,PIT,449.0,,0.2,,0.2,299.0,Pirates,OF,"$4,025,000 ",,$0 ,4025000.0
701,Parker Meadows,DET,213.0,,0.2,,0.2,755.0,Tigers,OF,"$781,600 ",,$0 ,781600.0
706,Dylan Crews,WSN,322.0,,0.2,,0.2,469.0,Nationals,OF,"$761,800 ",,$0 ,761800.0
710,Ryan Weathers,MIA,,38.1,0.0,0.2,0.2,,Marlins,LHP,"$779,100 ",,$0 ,779100.0
711,Kevin Ginkel,ARI,,25.2,0.0,0.2,0.2,273.0,Diamondbacks,RHP,"$2,425,000 ",,$0 ,2425000.0
713,Sam Bachman,LAA,,20.1,0.0,0.2,0.2,777.0,Angels,RHP,"$780,000 ",,$0 ,780000.0
715,Clayton Beeter,- - -,,25.1,0.0,0.2,0.2,431.0,Yankees,RHP,"$763,325 ",,$0 ,763325.0
716,Hayden Wesneski,HOU,,32.0,0.0,0.2,0.2,,Astros,RHP,"$779,800 ",,$0 ,779800.0
717,Korey Lee,CHW,40.0,3.0,0.2,0.0,0.2,,White Sox,C,"$771,000 ",,$0 ,771000.0
720,Jesus Tinoco,MIA,,19.1,0.0,0.2,0.2,689.0,Marlins,RHP,"$831,000 ",,$0 ,831000.0
721,Luke Raley,SEA,219.0,,0.2,,0.2,729.0,Mariners,1,"$787,400 ",,$0 ,787400.0
723,Andrew Benintendi,CHW,470.0,,0.2,,0.2,99.0,White Sox,OF,"$17,100,000 ",5.0,"$75,000,000 ",15000000.0
724,Paul Blackburn,- - -,,39.0,0.0,0.2,0.2,298.0,Mets,RHP,"$4,050,000 ",,$0 ,4050000.0
730,Taylor Rogers,- - -,,50.2,0.0,0.2,0.2,144.0,Reds,LHP,"$12,000,000 ",3.0,"$33,000,000 ",11000000.0
732,Paul DeJong,WSN,208.0,,0.2,,0.2,645.0,Nationals,3,"$1,000,000 ",,$0 ,1000000.0
735,Jalen Beeks,ARI,,57.1,0.0,0.2,0.2,393.0,Diamondbacks,LHP,"$1,250,000 ",,$0 ,1250000.0
741,Tyler Phillips,MIA,,77.2,0.0,0.1,0.1,423.0,Marlins,RHP,"$764,000 ",,$0 ,764000.0
745,Dauri Moreta,PIT,,16.2,0.0,0.1,0.1,736.0,Pirates,RHP,"$785,000 ",,$0 ,785000.0
751,Lake Bachar,MIA,,71.0,0.0,0.1,0.1,450.0,Marlins,RHP,"$762,500 ",,$0 ,762500.0
752,David Hamilton,BOS,194.0,,0.1,,0.1,775.0,Red Sox,OF,"$780,000 ",,$0 ,780000.0
757,Tim Anderson,LAA,90.0,,0.1,,0.1,392.0,Angels,2,"$1,250,000 ",,$0 ,1250000.0
765,Ian Gibaut,CIN,,25.1,0.0,0.1,0.1,389.0,Reds,RHP,"$1,300,000 ",,$0 ,1300000.0
768,Brent Headrick,NYY,,23.0,0.0,0.1,0.1,434.0,Yankees,LHP,"$763,125 ",,$0 ,763125.0
769,Tyler Fitzgerald,SFG,243.0,,0.1,,0.1,765.0,Giants,2,"$780,000 ",,$0 ,780000.0
771,Scott Barlow,CIN,,68.1,0.0,0.1,0.1,367.0,Reds,RHP,"$1,500,000 ",,$0 ,1500000.0
774,Tyler Anderson,LAA,,136.1,0.0,0.1,0.1,118.0,Angels,LHP,"$13,000,000 ",3.0,"$39,000,000 ",13000000.0
776,Robert Stephenson,LAA,,10.0,0.0,0.1,0.1,139.0,Angels,RHP,"$11,000,000 ",3.0,"$33,000,000 ",11000000.0
779,Jesse Scholtens,TBR,,8.1,0.0,0.1,0.1,,White Sox,RHP,"$768,600 ",,$0 ,768600.0
783,Oswaldo Cabrera,NYY,122.0,,0.1,,0.1,690.0,Yankees,3,"$825,600 ",,$0 ,825600.0
788,Ryan Yarbrough,NYY,,64.0,0.0,0.1,0.1,327.0,Yankees,LHP,"$2,000,000 ",,$0 ,2000000.0
789,Bryan Hoeing,SDP,,8.0,0.0,0.1,0.1,740.0,Padres,RHP,"$784,000 ",,$0 ,784000.0
793,Jerar Encarnacion,SFG,56.0,,0.1,,0.1,,Giants,RHP,"$770,000 ",,$0 ,770000.0
794,Justin Martinez,ARI,,15.1,0.0,0.1,0.1,203.0,Diamondbacks,RHP,"$1,700,000 ",5.0,"$18,000,000 ",3600000.0
795,Curtis Mead,- - -,264.0,,0.1,,0.1,455.0,Rays,INF,"$762,200 ",,$0 ,762200.0
797,Luis Garcia,HOU,,7.2,0.0,0.1,0.1,216.0,Astros,RHP,"$1,875,000 ",,$0 ,1875000.0
797,Luis Garcia,HOU,,7.2,0.0,0.1,0.1,363.0,Dodgers,RHP,"$1,500,000 ",,$0 ,1500000.0
799,Richie Palacios,TBR,48.0,,0.1,,0.1,,Rays,OF,"$775,700 ",,$0 ,775700.0
800,Brandon Eisert,CHW,,69.2,0.0,0.1,0.1,488.0,White Sox,RHP,"$760,800 ",,$0 ,760800.0
801,Rafael Montero,- - -,,60.1,0.0,0.1,0.1,133.0,Astros,RHP,"$11,500,000 ",3.0,"$34,500,000 ",11500000.0
802,Brent Suter,CIN,,67.2,0.0,0.1,0.1,322.0,Reds,LHP,"$2,250,000 ",,$0 ,2250000.0
807,Marcus Stroman,NYY,,39.0,0.0,0.1,0.1,74.0,Yankees,RHP,"$18,500,000 ",2.0,"$37,000,000 ",18500000.0
808,Erik Miller,SFG,,30.0,0.0,0.1,0.1,771.0,Giants,LHP,"$780,000 ",,$0 ,780000.0
811,Zach Dezenzo,HOU,109.0,,0.1,,0.1,432.0,Astros,1,"$763,200 ",,$0 ,763200.0
812,Brady Basso,ATH,,11.2,0.0,0.1,0.1,509.0,Athletics,LHP,"$760,000 ",,$0 ,760000.0
815,Jackson Jobe,DET,,49.0,0.0,0.1,0.1,485.0,Tigers,RHP,"$760,900 ",,$0 ,760900.0
816,Ryne Stanek,NYM,,56.0,0.0,0.1,0.1,556.0,Mets,RHP,"$4,500,000 ",,$0 ,4500000.0
820,Josh Bell,WSN,533.0,,0.1,,0.1,576.0,Nationals,DH,"$6,000,000 ",,$0 ,6000000.0
822,J.P. France,HOU,,4.0,0.0,0.1,0.1,,Astros,RHP,"$769,900 ",,$0 ,769900.0
823,Blake Dunn,CIN,75.0,,0.1,,0.1,473.0,Reds,OF,"$761,500 ",,$0 ,761500.0
824,Ryan Burr,TOR,,2.0,0.0,0.1,0.1,731.0,Blue Jays,RHP,"$786,000 ",,$0 ,786000.0
825,Yennier Cano,BAL,,58.0,0.0,0.1,0.1,,Orioles,RHP,"$772,900 ",,$0 ,772900.0
827,Anthony Banda,LAD,,65.0,0.0,0.1,0.1,650.0,Dodgers,LHP,"$1,000,000 ",,$0 ,1000000.0
828,Tomoyuki Sugano,BAL,,157.0,0.0,0.1,0.1,626.0,Orioles,RHP,"$13,000,000 ",,$0 ,13000000.0
838,Justin Steele,CHC,,22.2,0.0,0.0,0.0,579.0,Cubs,LHP,"$6,550,000 ",,$0 ,6550000.0
839,Jhonny Pereda,- - -,78.0,3.0,0.1,-0.1,0.0,501.0,Athletics,C,"$760,000 ",,$0 ,760000.0
842,Nick Sandlin,TOR,,16.1,0.0,0.0,0.0,351.0,Blue Jays,RHP,"$1,630,000 ",,$0 ,1630000.0
846,Ian Hamilton,NYY,,40.0,0.0,0.0,0.0,670.0,Yankees,RHP,"$941,050 ",,$0 ,941050.0
848,Tim Mayza,- - -,,16.2,0.0,0.0,0.0,235.0,Pirates,LHP,"$1,150,000 ",,$0 ,1150000.0
849,Noah Murdock,ATH,,17.0,0.0,0.0,0.0,521.0,Athletics,RHP,"$760,000 ",,$0 ,760000.0
854,Omar Cruz,SDP,,3.2,0.0,0.0,0.0,513.0,Padres,LHP,"$760,000 ",,$0 ,760000.0
858,Michael Kopech,LAD,,11.0,0.0,0.0,0.0,546.0,Dodgers,RHP,"$5,200,000 ",,$0 ,5200000.0
859,Ryan Bliss,SEA,39.0,,0.0,,0.0,460.0,Mariners,2,"$762,100 ",,$0 ,762100.0
861,Paul Sewald,- - -,,19.2,0.0,0.0,0.0,570.0,Guardians,RHP,"$6,000,000 ",,$0 ,6000000.0
862,Ezequiel Duran,TEX,219.0,3.1,0.0,0.0,0.0,,Rangers,OF,"$776,500 ",,$0 ,776500.0
865,Austin Slater,- - -,160.0,0.2,0.0,0.0,0.0,224.0,White Sox,OF,"$1,750,000 ",,$0 ,1750000.0
866,Bryce Miller,SEA,,90.1,0.0,0.0,0.0,706.0,Mariners,RHP,"$800,000 ",,$0 ,800000.0
867,Luis Rengifo,LAA,541.0,,0.0,,0.0,566.0,Angels,2,"$5,950,000 ",,$0 ,5950000.0
869,Gerson Garabito,TEX,,8.0,0.0,0.0,0.0,415.0,Rangers,RHP,"$764,500 ",,$0 ,764500.0
870,Luken Baker,STL,41.0,,0.0,,0.0,,Cardinals,1,"$766,100 ",,$0 ,766100.0
872,Scott Effross,NYY,,10.2,0.0,0.0,0.0,707.0,Yankees,RHP,"$800,000 ",,$0 ,800000.0
874,Hayden Senger,NYM,78.0,,0.0,,0.0,504.0,Mets,C,"$760,000 ",,$0 ,760000.0
885,Griffin Conine,MIA,86.0,,0.0,,0.0,447.0,Marlins,1,"$762,500 ",,$0 ,762500.0
894,Ryan Borucki,- - -,,35.0,0.0,0.0,0.0,234.0,Pirates,LHP,"$1,150,000 ",,$0 ,1150000.0
904,Jacob Barnes,TOR,,8.0,0.0,0.0,0.0,378.0,Blue Jays,RHP,"$1,400,000 ",,$0 ,1400000.0
913,Alex Lange,DET,,1.0,0.0,0.0,0.0,751.0,Tigers,RHP,"$782,200 ",,$0 ,782200.0
919,Carson Spiers,CIN,,13.1,0.0,0.0,0.0,406.0,Reds,RHP,"$765,000 ",,$0 ,765000.0
920,A.J. Puk,ARI,,8.0,0.0,0.0,0.0,246.0,Diamondbacks,LHP,"$2,950,000 ",,$0 ,2950000.0
921,Lou Trivino,- - -,,47.2,0.0,0.0,0.0,364.0,Giants,RHP,"$1,500,000 ",,$0 ,1500000.0
925,Rowdy Tellez,- - -,312.0,2.0,0.1,-0.1,0.0,361.0,Mariners,DH,"$1,500,000 ",,$0 ,1500000.0
927,Elvis Peguero,- - -,,9.1,0.0,0.0,0.0,,Brewers,RHP,"$773,800 ",,$0 ,773800.0
940,Bryan Ramos,CHW,12.0,,0.0,,0.0,443.0,White Sox,3,"$762,625 ",,$0 ,762625.0
941,Hayden Birdsong,SFG,,65.2,0.0,0.0,0.0,401.0,Giants,RHP,"$765,000 ",,$0 ,765000.0
946,Calvin Faucher,MIA,,60.1,0.0,0.0,0.0,,Marlins,RHP,"$775,500 ",,$0 ,775500.0
947,Frankie Montas,NYM,,38.2,0.0,0.0,0.0,91.0,Mets,RHP,"$17,000,000 ",2.0,"$34,000,000 ",17000000.0
951,Fraser Ellard,CHW,,17.0,0.0,0.0,0.0,430.0,White Sox,LHP,"$763,375 ",,$0 ,763375.0
954,Tim Hill,NYY,,67.0,0.0,0.0,0.0,268.0,Yankees,LHP,"$2,500,000 ",,$0 ,2500000.0
958,Matt Vierling,DET,100.0,,0.0,,0.0,306.0,Tigers,OF,"$3,005,000 ",,$0 ,3005000.0
959,Marc Church,TEX,,4.2,0.0,0.0,0.0,490.0,Rangers,RHP,"$760,500 ",,$0 ,760500.0
961,Tanner Scott,LAD,,57.0,0.0,0.0,0.0,81.0,Dodgers,LHP,"$12,141,009 ",4.0,"$72,000,000 ",18000000.0
973,Bryce Jarvis,ARI,,22.0,0.0,0.0,0.0,,Diamondbacks,RHP,"$772,300 ",,$0 ,772300.0
980,Liam Hendriks,BOS,,13.2,0.0,0.0,0.0,189.0,Red Sox,RHP,"$6,000,000 ",2.0,"$10,000,000 ",5000000.0
984,Donovan Solano,- - -,179.0,,0.0,,0.0,290.0,Mariners,INF,"$3,500,000 ",,$0 ,3500000.0
988,Emerson Hancock,SEA,,90.0,0.0,0.0,0.0,,Mariners,RHP,"$766,000 ",,$0 ,766000.0
993,Mitch Garver,SEA,290.0,,0.0,,0.0,128.0,Mariners,C,"$12,500,000 ",2.0,"$24,000,000 ",12000000.0
997,Dane Myers,MIA,333.0,,0.0,,0.0,,Marlins,OF,"$769,000 ",,$0 ,769000.0
1004,Mitch Spence,ATH,,84.2,0.0,0.0,0.0,400.0,Athletics,RHP,"$765,000 ",,$0 ,765000.0
1007,Cooper Criswell,BOS,,17.2,0.0,0.0,0.0,660.0,Red Sox,RHP,"$1,000,000 ",,$0 ,1000000.0
1009,Connor Gillispie,MIA,,26.0,0.0,0.0,0.0,695.0,Marlins,RHP,"$820,000 ",,$0 ,820000.0
1012,Blake Treinen,LAD,,26.2,0.0,-0.1,-0.1,140.0,Dodgers,RHP,"$8,500,000 ",2.0,"$22,000,000 ",11000000.0
1013,Chadwick Tromp,- - -,22.0,,-0.1,,-0.1,721.0,Braves,C,"$790,000 ",,$0 ,790000.0
1017,T.J. McFarland,ATH,,15.2,0.0,-0.1,-0.1,220.0,Athletics,LHP,"$1,800,000 ",,$0 ,1800000.0
1019,Alan Roden,- - -,153.0,,-0.1,,-0.1,516.0,Blue Jays,OF,"$760,000 ",,$0 ,760000.0
1020,Robert Gasser,MIL,,5.2,0.0,-0.1,-0.1,,Brewers,LHP,"$765,400 ",,$0 ,765400.0
1021,Chris Stratton,- - -,,21.0,0.0,-0.1,-0.1,201.0,Royals,RHP,"$4,500,000 ",2.0,"$8,000,000 ",4000000.0
1023,Travis Jankowski,- - -,50.0,1.0,0.0,0.0,-0.1,656.0,White Sox,OF,"$1,000,000 ",,$0 ,1000000.0
1024,Dairon Blanco,KCR,8.0,,-0.1,,-0.1,,Royals,OF,"$772,000 ",,$0 ,772000.0
1025,Jake Burger,TEX,376.0,,-0.1,,-0.1,719.0,Rangers,1,"$790,000 ",,$0 ,790000.0
1026,Luis Contreras,HOU,,12.0,0.0,-0.1,-0.1,479.0,Astros,RHP,"$761,300 ",,$0 ,761300.0
1027,Randy Dobnak,MIN,,5.1,0.0,-0.1,-0.1,242.0,Twins,RHP,"$3,000,000 ",,$0 ,3000000.0
1030,Roki Sasaki,LAD,,36.1,0.0,-0.1,-0.1,526.0,Dodgers,RHP,"$760,000 ",,$0 ,760000.0
1041,Michael A. Taylor,CHW,325.0,,-0.1,,-0.1,212.0,White Sox,OF,"$1,950,000 ",,$0 ,1950000.0
1048,Joel Payamps,- - -,,26.1,0.0,-0.1,-0.1,244.0,Brewers,RHP,"$2,995,000 ",,$0 ,2995000.0
1053,Masataka Yoshida,BOS,205.0,,-0.1,,-0.1,79.0,Red Sox,OF,"$18,600,000 ",5.0,"$90,000,000 ",18000000.0
1056,Antonio Senzatela,COL,,130.0,0.0,-0.1,-0.1,150.0,Rockies,RHP,"$12,000,000 ",5.0,"$50,500,000 ",10100000.0
1058,Sam Moll,CIN,,18.1,0.0,-0.1,-0.1,643.0,Reds,LHP,"$1,007,500 ",,$0 ,1007500.0
1061,Kirby Yates,LAD,,41.1,0.0,-0.1,-0.1,628.0,Dodgers,RHP,"$13,000,000 ",,$0 ,13000000.0
1065,Spencer Arrighetti,HOU,,35.1,0.0,-0.1,-0.1,712.0,Astros,RHP,"$794,200 ",,$0 ,794200.0
1067,Jesse Winker,NYM,81.0,,-0.1,,-0.1,585.0,Mets,OF,"$7,500,000 ",,$0 ,7500000.0
1068,Jacob Hurtubise,CIN,15.0,,-0.1,,-0.1,474.0,Reds,OF,"$761,500 ",,$0 ,761500.0
1070,Julian Merryweather,CHC,,18.2,0.0,-0.1,-0.1,229.0,Cubs,RHP,"$1,225,000 ",,$0 ,1225000.0
1071,Tayler Saucedo,SEA,,13.1,0.0,-0.1,-0.1,671.0,Mariners,LHP,"$937,500 ",,$0 ,937500.0
1072,Kenta Maeda,DET,,8.0,0.0,-0.1,-0.1,129.0,Tigers,RHP,"$10,000,000 ",2.0,"$24,000,000 ",12000000.0
1075,Michael Tonkin,MIN,,24.0,0.0,-0.1,-0.1,663.0,Twins,RHP,"$1,000,000 ",,$0 ,1000000.0
1076,Bryan Hudson,- - -,,15.0,0.0,-0.1,-0.1,,Brewers,LHP,"$776,800 ",,$0 ,776800.0
1085,Dylan Moore,- - -,243.0,,-0.1,,-0.1,262.0,Mariners,OF,"$3,908,333 ",,$0 ,3908333.0
1089,Mike Clevinger,CHW,,5.2,0.0,-0.1,-0.1,369.0,White Sox,RHP,"$1,500,000 ",,$0 ,1500000.0
1091,Chris Roycroft,STL,,20.2,0.0,-0.1,-0.1,419.0,Cardinals,RHP,"$764,150 ",,$0 ,764150.0
1092,Christopher Morel,TBR,305.0,,-0.1,,-0.1,,Rays,OF,"$771,800 ",,$0 ,771800.0
1097,Mason Thompson,WSN,,10.2,0.0,-0.1,-0.1,,Nationals,RHP,"$770,000 ",,$0 ,770000.0
1102,Josh Lowe,TBR,435.0,,-0.1,,-0.1,,Rays,OF,"$775,100 ",,$0 ,775100.0
1105,Triston McKenzie,CLE,,5.2,0.0,-0.1,-0.1,213.0,Guardians,RHP,"$1,950,000 ",,$0 ,1950000.0
1107,Andrew McCutchen,PIT,551.0,,-0.1,,-0.1,551.0,Pirates,DH,"$5,000,000 ",,$0 ,5000000.0
1110,Penn Murfee,CHW,,12.2,0.0,-0.1,-0.1,,White Sox,RHP,"$780,000 ",,$0 ,780000.0
1120,Jake McCarthy,ARI,222.0,,-0.1,,-0.1,702.0,Diamondbacks,OF,"$803,900 ",,$0 ,803900.0
1121,JJ Bleday,ATH,344.0,,-0.1,,-0.1,,Athletics,OF,"$770,000 ",,$0 ,770000.0
1122,Nick Maton,CHW,63.0,,-0.1,,-0.1,674.0,White Sox,OF,"$900,000 ",,$0 ,900000.0
1123,Tony Gonsolin,LAD,,36.0,0.0,-0.1,-0.1,562.0,Dodgers,RHP,"$5,400,000 ",,$0 ,5400000.0
1124,Ian Anderson,LAA,,9.1,0.0,-0.1,-0.1,724.0,Angels,RHP,"$790,000 ",,$0 ,790000.0
1126,Shawn Dubin,- - -,,33.2,0.0,-0.1,-0.1,,Astros,RHP,"$770,000 ",,$0 ,770000.0
1129,Matt Waldron,SDP,,4.2,0.0,-0.1,-0.1,,Padres,RHP,"$775,800 ",,$0 ,775800.0
1131,Manuel Margot,DET,20.0,,-0.1,,-0.1,388.0,Tigers,OF,"$1,300,000 ",,$0 ,1300000.0
1132,Joe Ross,PHI,,51.0,0.0,-0.1,-0.1,260.0,Phillies,RHP,"$4,000,000 ",,$0 ,4000000.0
1134,Ryan Johnson,LAA,,14.2,0.0,-0.1,-0.1,517.0,Angels,RHP,"$760,000 ",,$0 ,760000.0
1138,Chas McCormick,HOU,116.0,3.0,-0.1,0.0,-0.2,325.0,Astros,OF,"$3,400,000 ",,$0 ,3400000.0
1140,Ben Joyce,LAA,,4.1,0.0,-0.2,-0.2,778.0,Angels,RHP,"$780,000 ",,$0 ,780000.0
1145,Tyler Holton,DET,,78.2,0.0,-0.2,-0.2,709.0,Tigers,LHP,"$797,700 ",,$0 ,797700.0
1146,Carlos Carrasco,- - -,,45.2,0.0,-0.2,-0.2,370.0,Yankees,RHP,"$1,500,000 ",,$0 ,1500000.0
1148,Kyle Hart,SDP,,43.0,0.0,-0.2,-0.2,652.0,Padres,LHP,"$1,000,000 ",,$0 ,1000000.0
1149,Forrest Whitley,- - -,,12.0,0.0,-0.2,-0.2,487.0,Astros,RHP,"$760,800 ",,$0 ,760800.0
1150,Taylor Trammell,HOU,135.0,,-0.2,,-0.2,,Astros,OF,"$765,200 ",,$0 ,765200.0
1151,Luke Jackson,- - -,,51.0,0.0,-0.2,-0.2,366.0,Rangers,RHP,"$1,500,000 ",,$0 ,1500000.0
1159,Brooks Baldwin,CHW,328.0,,-0.2,,-0.2,445.0,White Sox,SS,"$762,625 ",,$0 ,762625.0
1161,Troy Taylor,SEA,,6.2,0.0,-0.2,-0.2,470.0,Mariners,RHP,"$761,700 ",,$0 ,761700.0
1163,Sam Huff,SFG,58.0,,-0.2,,-0.2,767.0,Giants,C,"$780,000 ",,$0 ,780000.0
1164,Erick Fedde,- - -,,141.0,0.0,-0.2,-0.2,169.0,Cardinals,RHP,"$7,500,000 ",2.0,"$15,000,000 ",7500000.0
1167,Nate Pearson,CHC,,14.2,0.0,-0.2,-0.2,385.0,Cubs,RHP,"$1,350,000 ",,$0 ,1350000.0
1169,Kristian Campbell,BOS,263.0,,-0.2,,-0.2,498.0,Red Sox,2,"$760,000 ",,$0 ,760000.0
1170,Valente Bellozo,MIA,,81.1,0.0,-0.2,-0.2,405.0,Marlins,RHP,"$765,000 ",,$0 ,765000.0
1171,Nolan Gorman,STL,402.0,,-0.2,,-0.2,745.0,Cardinals,2,"$782,900 ",,$0 ,782900.0
1177,Lance McCullers Jr.,HOU,,55.1,0.0,-0.2,-0.2,90.0,Astros,RHP,"$17,700,000 ",5.0,"$85,000,000 ",17000000.0
1179,Colin Poche,- - -,,9.1,0.0,-0.2,-0.2,376.0,Nationals,LHP,"$1,400,000 ",,$0 ,1400000.0
1180,Anthony Veneziano,- - -,,25.0,0.0,-0.2,-0.2,439.0,Marlins,LHP,"$762,925 ",,$0 ,762925.0
1187,Chris Murphy,BOS,,34.2,0.0,-0.2,-0.2,461.0,Red Sox,LHP,"$762,000 ",,$0 ,762000.0
1192,Victor Robles,SEA,114.0,,-0.2,,-0.2,295.0,Mariners,OF,"$4,125,000 ",2.0,"$9,750,000 ",4125000.0
1196,Gage Workman,- - -,17.0,,-0.2,,-0.2,506.0,Cubs,INF,"$760,000 ",,$0 ,760000.0
1199,Hunter Bigge,TBR,,15.0,0.0,-0.2,-0.2,442.0,Rays,RHP,"$762,700 ",,$0 ,762700.0
1203,Luis Matos,SFG,184.0,,-0.2,,-0.2,772.0,Giants,OF,"$780,000 ",,$0 ,780000.0
1204,Jose Iglesias,SDP,343.0,,-0.2,,-0.2,307.0,Padres,2,"$3,000,000 ",,$0 ,3000000.0
1205,Cavan Biggio,KCR,83.0,,-0.2,,-0.2,345.0,Royals,2,"$2,000,000 ",,$0 ,2000000.0
1206,Wilmer Flores,SFG,463.0,,-0.2,,-0.2,258.0,Giants,SS,"$3,500,000 ",,$0 ,3500000.0
1208,Gregory Santos,SEA,,7.0,0.0,-0.2,-0.2,,Mariners,RHP,"$771,100 ",,$0 ,771100.0
1210,Connor Thomas,MIL,,5.1,0.0,-0.2,-0.2,511.0,Brewers,LHP,"$760,000 ",,$0 ,760000.0
1211,Garrett Hampson,- - -,91.0,1.0,-0.2,0.0,-0.2,358.0,Diamondbacks,2,"$1,500,000 ",,$0 ,1500000.0
1212,Kendall Graveman,ARI,,17.2,0.0,-0.2,-0.2,227.0,Diamondbacks,RHP,"$1,250,000 ",,$0 ,1250000.0
1216,Jackson Kowar,SEA,,17.0,0.0,-0.2,-0.2,438.0,Mariners,RHP,"$763,000 ",,$0 ,763000.0
1217,Erik Swanson,TOR,,5.1,0.0,-0.2,-0.2,314.0,Blue Jays,RHP,"$3,000,000 ",,$0 ,3000000.0
1218,John Brebbia,- - -,,23.1,0.0,-0.2,-0.2,332.0,Tigers,RHP,"$2,250,000 ",,$0 ,2250000.0
1221,Tommy Kahnle,DET,,63.0,0.0,-0.2,-0.2,590.0,Tigers,RHP,"$7,750,000 ",,$0 ,7750000.0
1223,Will Wagner,- - -,149.0,,-0.2,,-0.2,437.0,Blue Jays,INF,"$763,000 ",,$0 ,763000.0
1224,Jonathan India,KCR,567.0,,-0.2,,-0.2,194.0,Royals,3,"$7,050,000 ",2.0,"$8,800,000 ",4400000.0
1225,Thairo Estrada,COL,165.0,,-0.3,,-0.3,301.0,Rockies,2,"$3,250,000 ",,$0 ,3250000.0
1228,Zach Eflin,BAL,,71.1,0.0,-0.3,-0.3,116.0,Orioles,RHP,"$18,000,000 ",3.0,"$40,000,000 ",13333333.0
1229,Sean Reynolds,SDP,,27.0,0.0,-0.3,-0.3,435.0,Padres,RHP,"$763,100 ",,$0 ,763100.0
1230,Seth Halvorsen,COL,,39.2,0.0,-0.3,-0.3,467.0,Rockies,RHP,"$762,000 ",,$0 ,762000.0
1233,Jose Herrera,ARI,204.0,2.0,-0.3,0.0,-0.3,,Diamondbacks,C,"$772,200 ",,$0 ,772200.0
1240,Austin Barnes,LAD,44.0,,-0.3,,-0.3,289.0,Dodgers,C,"$3,500,000 ",,$0 ,3500000.0
1242,Sawyer Gipson-Long,DET,,31.1,0.0,-0.3,-0.3,426.0,Tigers,RHP,"$763,600 ",,$0 ,763600.0
1244,Nicky Lopez,- - -,28.0,0.1,-0.3,0.0,-0.3,681.0,Angels,2,"$850,000 ",,$0 ,850000.0
1245,Zack Gelof,ATH,101.0,,-0.3,,-0.3,,Athletics,2,"$765,000 ",,$0 ,765000.0
1247,Eli Morgan,CHC,,7.1,0.0,-0.3,-0.3,668.0,Cubs,RHP,"$950,000 ",,$0 ,950000.0
1249,Justin Turner,CHC,191.0,,-0.3,,-0.3,575.0,Cubs,DH,"$6,000,000 ",,$0 ,6000000.0
1251,Garrett McDaniels,LAA,,10.2,0.0,-0.3,-0.3,508.0,Angels,LHP,"$760,000 ",,$0 ,760000.0
1256,Richard Lovelady,- - -,,11.2,0.0,-0.3,-0.3,648.0,Blue Jays,LHP,"$1,000,000 ",,$0 ,1000000.0
1258,Trent Thornton,SEA,,42.1,0.0,-0.3,-0.3,331.0,Mariners,RHP,"$2,000,000 ",,$0 ,2000000.0
1260,Andrew Heaney,- - -,,122.1,0.0,-0.3,-0.3,544.0,Pirates,LHP,"$5,250,000 ",,$0 ,5250000.0
1267,Ryan Fernandez,STL,,30.1,0.0,-0.3,-0.3,,Cardinals,RHP,"$768,600 ",,$0 ,768600.0
1269,Kevin Pillar,TEX,43.0,,-0.3,,-0.3,655.0,Rangers,OF,"$1,000,000 ",,$0 ,1000000.0
1270,Oliver Dunn,MIL,41.0,,-0.3,,-0.3,425.0,Brewers,3,"$763,700 ",,$0 ,763700.0
1271,Travis d'Arnaud,LAA,231.0,,-0.3,,-0.3,182.0,Angels,C,"$6,000,000 ",2.0,"$12,000,000 ",6000000.0
1274,Yuki Matsui,SDP,,63.1,0.0,-0.3,-0.3,186.0,Padres,LHP,"$5,500,000 ",5.0,"$28,000,000 ",5600000.0
1275,Brendan Rodgers,HOU,128.0,,-0.3,,-0.3,344.0,Astros,2,"$2,000,000 ",,$0 ,2000000.0
1276,Kaleb Ort,HOU,,46.0,0.0,-0.3,-0.3,,Astros,RHP,"$770,000 ",,$0 ,770000.0
1278,Richard Fitts,BOS,,45.0,0.0,-0.3,-0.3,,Red Sox,RHP,"$766,000 ",,$0 ,766000.0
1279,Walker Buehler,- - -,,126.0,0.0,-0.3,-0.3,636.0,Red Sox,RHP,"$18,050,000 ",,$0 ,18050000.0
1281,Santiago Espinal,CIN,328.0,,-0.3,,-0.3,274.0,Reds,INF,"$2,400,000 ",,$0 ,2400000.0
1282,Orlando Ribalta,WSN,,24.1,0.0,-0.3,-0.3,495.0,Nationals,RHP,"$760,300 ",,$0 ,760300.0
1283,Jorge Soler,LAA,315.0,,-0.3,,-0.3,108.0,Angels,DH,"$13,000,000 ",3.0,"$42,000,000 ",14000000.0
1288,Zach Brzykcy,WSN,,23.0,0.0,-0.3,-0.3,492.0,Nationals,RHP,"$760,400 ",,$0 ,760400.0
1290,Joey Estes,ATH,,11.0,0.0,-0.3,-0.3,519.0,Athletics,RHP,"$760,000 ",,$0 ,760000.0
1293,Tyler O'Neill,BAL,209.0,,-0.3,,-0.3,93.0,Orioles,OF,"$16,500,000 ",3.0,"$49,500,000 ",16500000.0
1294,Ryan Pressly,CHC,,41.1,0.0,-0.3,-0.3,623.0,Cubs,RHP,"$14,100,000 ",,$0 ,14100000.0
1295,Nathaniel Lowe,- - -,609.0,,-0.3,,-0.3,603.0,Nationals,1,"$10,300,000 ",,$0 ,10300000.0
1296,Tanner Houck,BOS,,43.2,0.0,-0.3,-0.3,261.0,Red Sox,RHP,"$3,950,000 ",,$0 ,3950000.0
1302,Chris Taylor,- - -,125.0,,-0.4,,-0.4,100.0,Dodgers,OF,"$13,000,000 ",4.0,"$60,000,000 ",15000000.0
1303,Gio Urshela,ATH,197.0,,-0.4,,-0.4,336.0,Athletics,3,"$2,150,000 ",,$0 ,2150000.0
1305,Seth Brown,ATH,76.0,,-0.4,,-0.4,255.0,Athletics,OF,"$2,700,000 ",,$0 ,2700000.0
1306,Sam Long,KCR,,40.1,0.0,-0.4,-0.4,667.0,Royals,LHP,"$950,000 ",,$0 ,950000.0
1307,Austin Gomber,COL,,57.2,0.0,-0.4,-0.4,582.0,Rockies,LHP,"$6,350,000 ",,$0 ,6350000.0
1310,Weston Wilson,PHI,125.0,3.0,-0.4,0.0,-0.4,421.0,Phillies,INF,"$764,000 ",,$0 ,764000.0
1311,Jordan Romano,PHI,,42.2,0.0,-0.4,-0.4,592.0,Phillies,RHP,"$8,500,000 ",,$0 ,8500000.0
1312,Max Muncy,ATH,220.0,,-0.4,,-0.4,127.0,Dodgers,3,"$14,250,000 ",2.0,"$24,000,000 ",12000000.0
1312,Max Muncy,ATH,220.0,,-0.4,,-0.4,497.0,Athletics,2,"$760,000 ",,$0 ,760000.0
1313,Chayce McDermott,BAL,,8.2,0.0,-0.4,-0.4,458.0,Orioles,RHP,"$762,200 ",,$0 ,762200.0
1316,Ryan Mountcastle,BAL,357.0,,-0.4,,-0.4,577.0,Orioles,1,"$6,787,000 ",,$0 ,6787000.0
1320,Jeff Hoffman,TOR,,68.0,0.0,-0.4,-0.4,141.0,Blue Jays,RHP,"$7,666,667 ",3.0,"$33,000,000 ",11000000.0
1321,Eric Wagaman,MIA,514.0,,-0.4,,-0.4,,Marlins,3,"$770,000 ",,$0 ,770000.0
1325,Jake Irvin,WSN,,180.0,0.0,-0.4,-0.4,,Nationals,RHP,"$774,600 ",,$0 ,774600.0
1326,Jose Siri,NYM,36.0,,-0.4,,-0.4,275.0,Mets,OF,"$2,400,000 ",,$0 ,2400000.0
1328,Jose Miranda,MIN,36.0,,-0.4,,-0.4,743.0,Twins,DH,"$783,100 ",,$0 ,783100.0
1331,Ryan Kreidler,DET,44.0,,-0.4,,-0.4,408.0,Tigers,INF,"$764,900 ",,$0 ,764900.0
1334,Bryan De La Cruz,ATL,50.0,,-0.4,,-0.4,680.0,Braves,OF,"$860,000 ",,$0 ,860000.0
1338,Yuli Gurriel,SDP,40.0,,-0.4,,-0.4,391.0,Padres,1,"$1,250,000 ",,$0 ,1250000.0
1339,Pablo Reyes,NYY,34.0,1.0,-0.4,-0.1,-0.4,672.0,Yankees,INF,"$900,000 ",,$0 ,900000.0
1341,Randal Grichuk,- - -,293.0,,-0.4,,-0.4,328.0,Diamondbacks,OF,"$2,000,000 ",,$0 ,2000000.0
1342,Michael Massey,KCR,277.0,,-0.4,,-0.4,718.0,Royals,2,"$790,250 ",,$0 ,790250.0
1344,John King,STL,,48.1,0.0,-0.4,-0.4,353.0,Cardinals,LHP,"$1,605,000 ",,$0 ,1605000.0
1346,Alek Jacob,SDP,,33.1,0.0,-0.4,-0.4,414.0,Padres,RHP,"$764,500 ",,$0 ,764500.0
1347,Jon Gray,TEX,,14.0,0.0,-0.4,-0.4,111.0,Rangers,RHP,"$13,000,000 ",4.0,"$56,000,000 ",14000000.0
1348,Matt Mervis,MIA,134.0,,-0.4,,-0.4,436.0,Marlins,1,"$763,000 ",,$0 ,763000.0
1350,Tim Herrin,CLE,,42.2,0.0,-0.4,-0.4,,Guardians,LHP,"$777,300 ",,$0 ,777300.0
1351,Nolan Jones,CLE,403.0,,-0.4,,-0.4,,Guardians,OF,"$770,000 ",,$0 ,770000.0
1353,Lucas Sims,WSN,,12.1,0.0,-0.5,-0.5,316.0,Nationals,RHP,"$3,000,000 ",,$0 ,3000000.0
1355,Colin Holderman,PIT,,25.2,0.0,-0.5,-0.5,365.0,Pirates,RHP,"$1,500,000 ",,$0 ,1500000.0
1356,Nick Martini,COL,111.0,,-0.5,,-0.5,683.0,Rockies,OF,"$850,000 ",,$0 ,850000.0
1360,Ben Rortvedt,- - -,128.0,,-0.5,,-0.5,236.0,Rays,C,"$1,125,000 ",,$0 ,1125000.0
1361,Beau Brieske,DET,,22.0,0.0,-0.5,-0.5,642.0,Tigers,RHP,"$1,025,000 ",,$0 ,1025000.0
1363,Joe Mantiply,ARI,,9.2,0.0,-0.5,-0.5,225.0,Diamondbacks,LHP,"$1,700,000 ",,$0 ,1700000.0
1366,Jon Berti,CHC,107.0,3.2,-0.4,0.0,-0.5,347.0,Cubs,INF,"$2,000,000 ",,$0 ,2000000.0
1371,Eduardo Salazar,WSN,,29.0,0.0,-0.5,-0.5,457.0,Nationals,RHP,"$762,200 ",,$0 ,762200.0
1372,Jonah Heim,TEX,433.0,,-0.5,,-0.5,537.0,Rangers,C,"$4,575,000 ",,$0 ,4575000.0
1373,Jarred Kelenic,ATL,65.0,,-0.5,,-0.5,280.0,Braves,OF,"$2,300,000 ",,$0 ,2300000.0
1375,Kris Bryant,COL,41.0,,-0.5,,-0.5,28.0,Rockies,DH,"$27,000,000 ",7.0,"$182,000,000 ",26000000.0
1381,Bryse Wilson,CHW,,47.1,0.0,-0.5,-0.5,640.0,White Sox,RHP,"$1,050,000 ",,$0 ,1050000.0
1382,Jorge Alcala,- - -,,55.0,0.0,-0.5,-0.5,368.0,Twins,RHP,"$1,500,000 ",,$0 ,1500000.0
1384,Kevin Kelly,TBR,,39.2,0.0,-0.5,-0.5,,Rays,RHP,"$776,100 ",,$0 ,776100.0
1385,Lane Thomas,CLE,142.0,,-0.5,,-0.5,589.0,Guardians,OF,"$7,825,000 ",,$0 ,7825000.0
1386,Jason Heyward,SDP,95.0,,-0.5,,-0.5,654.0,Padres,OF,"$1,000,000 ",,$0 ,1000000.0
1390,Keegan Akin,BAL,,63.1,0.0,-0.5,-0.5,371.0,Orioles,LHP,"$1,475,000 ",,$0 ,1475000.0
1392,Jack Suwinski,PIT,178.0,,-0.5,,-0.5,735.0,Pirates,OF,"$785,000 ",,$0 ,785000.0
1394,Scott Alexander,- - -,,17.2,0.0,-0.6,-0.6,326.0,Rockies,LHP,"$2,000,000 ",,$0 ,2000000.0
1397,Osvaldo Bido,ATH,,79.2,0.0,-0.6,-0.6,397.0,Athletics,RHP,"$765,000 ",,$0 ,765000.0
1398,Tayler Scott,- - -,,27.1,0.0,-0.6,-0.6,726.0,Astros,RHP,"$790,000 ",,$0 ,790000.0
1399,Cam Booser,CHW,,31.0,0.0,-0.6,-0.6,,White Sox,LHP,"$768,200 ",,$0 ,768200.0
1400,Nick Castellanos,PHI,589.0,,-0.6,,-0.6,64.0,Phillies,OF,"$20,000,000 ",5.0,"$100,000,000 ",20000000.0
1402,David Fry,CLE,157.0,,-0.6,,-0.6,752.0,Guardians,C,"$781,900 ",,$0 ,781900.0
1403,Carlos Vargas,SEA,,77.0,0.0,-0.6,-0.6,481.0,Mariners,RHP,"$761,200 ",,$0 ,761200.0
1405,Jack Kochanowicz,LAA,,111.0,0.0,-0.6,-0.6,,Angels,RHP,"$770,000 ",,$0 ,770000.0
1406,MJ Melendez,KCR,65.0,,-0.6,,-0.6,263.0,Royals,OF,"$2,650,000 ",,$0 ,2650000.0
1407,Riley Adams,WSN,286.0,,-0.6,,-0.6,682.0,Nationals,C,"$850,000 ",,$0 ,850000.0
1409,Michael Conforto,LAD,486.0,,-0.6,,-0.6,634.0,Dodgers,OF,"$17,000,000 ",,$0 ,17000000.0
1411,Ryan Zeferjahn,LAA,,57.0,0.0,-0.6,-0.6,,Angels,RHP,"$770,000 ",,$0 ,770000.0
1413,Triston Casas,BOS,112.0,,-0.6,,-0.6,,Red Sox,1,"$774,000 ",,$0 ,774000.0
1414,Christian Encarnacion-Strand,CIN,137.0,,-0.6,,-0.6,,Reds,1,"$770,000 ",,$0 ,770000.0
1415,Jorge Mateo,BAL,83.0,1.0,-0.5,-0.1,-0.6,287.0,Orioles,SS,"$3,550,000 ",,$0 ,3550000.0
1418,Porter Hodge,CHC,,33.0,0.0,-0.6,-0.6,,Cubs,RHP,"$767,000 ",,$0 ,767000.0
1421,Mark Canha,KCR,125.0,,-0.6,,-0.6,377.0,Royals,OF,"$1,400,000 ",,$0 ,1400000.0
1425,Jeimer Candelario,CIN,91.0,,-0.7,,-0.7,98.0,Reds,3,"$16,000,000 ",3.0,"$45,000,000 ",15000000.0
1426,George Soriano,MIA,,36.2,0.0,-0.7,-0.7,,Marlins,RHP,"$770,000 ",,$0 ,770000.0
1429,Connor Wong,BOS,188.0,,-0.7,,-0.7,722.0,Red Sox,C,"$790,000 ",,$0 ,790000.0
1430,Angel Chivilli,COL,,58.2,0.0,-0.7,-0.7,465.0,Rockies,RHP,"$762,000 ",,$0 ,762000.0
1431,Mickey Gasper,MIN,110.0,,-0.7,,-0.7,453.0,Twins,INF,"$762,450 ",,$0 ,762450.0
1432,Sean Bouchard,COL,73.0,,-0.7,,-0.7,,Rockies,1,"$765,000 ",,$0 ,765000.0
1434,Tyler Freeman,COL,428.0,,-0.7,,-0.7,,Rockies,OF,"$775,700 ",,$0 ,775700.0
1435,Luis Peralta,COL,,19.0,0.0,-0.7,-0.7,462.0,Rockies,LHP,"$762,000 ",,$0 ,762000.0
1437,Kevin Newman,LAA,116.0,4.0,-0.7,-0.1,-0.8,271.0,Angels,SS,"$2,500,000 ",,$0 ,2500000.0
1439,Jonah Bride,- - -,125.0,6.0,-0.7,-0.1,-0.8,,Marlins,3,"$772,000 ",,$0 ,772000.0
1441,Leody Taveras,- - -,180.0,,-0.8,,-0.8,533.0,Rangers,OF,"$4,750,000 ",,$0 ,4750000.0
1442,Joc Pederson,TEX,306.0,,-0.8,,-0.8,73.0,Rangers,OF,"$18,500,000 ",2.0,"$37,000,000 ",18500000.0
1443,Jacob Amaya,CHW,73.0,1.0,-0.8,0.0,-0.8,459.0,White Sox,SS,"$762,125 ",,$0 ,762125.0
1444,Edouard Julien,MIN,208.0,,-0.8,,-0.8,,Twins,2,"$772,750 ",,$0 ,772750.0
1445,Logan O'Hoppe,LAA,451.0,,-0.8,,-0.8,720.0,Angels,C,"$790,000 ",,$0 ,790000.0
1447,Bowden Francis,TOR,,64.0,0.0,-0.8,-0.8,756.0,Blue Jays,RHP,"$781,500 ",,$0 ,781500.0
1448,Orlando Arcia,- - -,214.0,,-0.8,,-0.8,205.0,Braves,SS,"$2,000,000 ",3.0,"$7,300,000 ",2433333.0
1450,Oswald Peraza,- - -,265.0,2.1,-0.8,-0.1,-0.9,,Yankees,SS,"$772,700 ",,$0 ,772700.0
1452,Trey Sweeney,DET,326.0,,-0.9,,-0.9,424.0,Tigers,SS,"$764,000 ",,$0 ,764000.0
1455,Chad Green,TOR,,43.2,0.0,-0.9,-0.9,147.0,Blue Jays,RHP,"$10,500,000 ",3.0,"$23,250,000 ",10500000.0
1456,Anthony Santander,TOR,221.0,,-0.9,,-0.9,75.0,Blue Jays,OF,"$10,471,465 ",5.0,"$92,500,000 ",18500000.0
1457,Hunter Renfroe,KCR,108.0,,-0.9,,-0.9,178.0,Royals,OF,"$7,570,000 ",2.0,"$13,000,000 ",6500000.0
1458,Nestor Cortes,- - -,,34.1,0.0,-0.9,-0.9,587.0,Brewers,LHP,"$7,600,000 ",,$0 ,7600000.0
1459,Bradley Blalock,COL,,58.2,0.0,-1.0,-1.0,464.0,Rockies,RHP,"$762,000 ",,$0 ,762000.0
1460,Vinny Capra,- - -,105.0,3.0,-0.9,0.0,-1.0,482.0,Brewers,INF,"$761,100 ",,$0 ,761100.0
1461,Keibert Ruiz,WSN,267.0,,-1.0,,-1.0,180.0,Nationals,C,"$5,375,000 ",8.0,"$50,000,000 ",6250000.0
1462,Jhonkensy Noel,CLE,153.0,,-1.1,,-1.1,,Guardians,OF,"$766,900 ",,$0 ,766900.0
1463,Kyle Farmer,COL,300.0,1.0,-1.0,-0.1,-1.1,272.0,Rockies,SS,"$2,500,000 ",,$0 ,2500000.0
1464,Heston Kjerstad,BAL,167.0,,-1.1,,-1.1,422.0,Orioles,OF,"$764,000 ",,$0 ,764000.0
1465,Jordan Walker,STL,396.0,,-1.2,,-1.2,,Cardinals,OF,"$770,800 ",,$0 ,770800.0
1466,Josh Rojas,CHW,211.0,,-1.3,,-1.3,288.0,White Sox,3,"$3,500,000 ",,$0 ,3500000.0
1467,Jacob Stallings,- - -,129.0,2.0,-1.5,0.0,-1.4,346.0,Rockies,C,"$2,000,000 ",,$0 ,2000000.0
1470,Michael Toglia,COL,337.0,,-2.2,,-2.2,,Rockies,1,"$765,000 ",,$0 ,765000.0
